audio,id,label,annotator,annotation_id,created_at,updated_at,lead_time
http://localhost:8081/Flute/tar_TGXQ59g.wav,380,"[{""start"": 1.8309882923126333, ""end"": 212.62351544480453, ""labels"": [""Usable""]}]",1,380,2022-02-09T10:06:41.386063Z,2022-02-09T10:06:41.386205Z,9.787
http://localhost:8081/Flute/Sz40f_geQRo.wav,379,"[{""start"": -0.9487420075326267, ""end"": 294.11002233511425, ""labels"": [""Usable""]}]",1,379,2022-02-09T10:06:30.453347Z,2022-02-09T10:06:30.453526Z,32.389
http://localhost:8081/Flute/iZ9mDC-h1VI.wav,378,"[{""start"": 1.5222039259194378, ""end"": 355.43461670218875, ""labels"": [""Usable""]}]",1,378,2022-02-09T10:05:47.192060Z,2022-02-09T10:05:47.192221Z,18.763
http://localhost:8081/Flute/K7fBlN9kqlI.wav,377,,1,377,2022-02-09T10:05:27.371717Z,2022-02-09T10:05:27.371868Z,6.498
http://localhost:8081/Flute/GY6_fvCO-qM.wav,376,"[{""start"": 0.42493523303455866, ""end"": 98.5849740640176, ""labels"": [""Usable""]}]",1,376,2022-02-09T10:05:19.807550Z,2022-02-09T10:05:19.807689Z,18.597
http://localhost:8081/Flute/cZoWhKTZTYY.wav,375,"[{""start"": 1.8917294385565344, ""end"": 57.57163258007065, ""labels"": [""Usable""]}]",1,375,2022-02-09T10:04:27.483514Z,2022-02-09T10:04:40.892922Z,303.274
http://localhost:8081/Flute/0CW79SadQvs.wav,374,"[{""start"": 2.91641171060699, ""end"": 21.586431977655153, ""labels"": [""Borderline""]}]",1,374,2022-02-09T10:04:12.034393Z,2022-02-09T10:04:12.034562Z,13.172
http://localhost:8081/Flute/CDDYAN87zDs.wav,373,"[{""start"": 4.334557628487733, ""end"": 200.69001819898205, ""labels"": [""Borderline""]}]",1,373,2022-02-09T10:03:57.771559Z,2022-02-09T10:03:57.771701Z,9.006
http://localhost:8081/Flute/6GwfuWhOOdY.wav,372,"[{""start"": 3.6806171109359336, ""end"": 344.50576158360343, ""labels"": [""Borderline""]}]",1,372,2022-02-09T10:03:10.133065Z,2022-02-09T10:03:45.347024Z,247.704
http://localhost:8081/Flute/M2VD97CTZBA.wav,371,"[{""start"": 1.2122462117894368, ""end"": 80.81641411929579, ""labels"": [""Usable""]}, {""start"": 81.22049618989226, ""end"": 188.30224489795918, ""labels"": [""Usable""]}]",1,371,2022-02-09T10:01:42.589479Z,2022-02-09T10:01:42.589635Z,45.842
http://localhost:8081/Flute/zpCO7eSI9Q8.wav,370,"[{""start"": 4.556854082119258, ""end"": 376.9761104298658, ""labels"": [""Usable""]}]",1,370,2022-02-09T10:00:55.584692Z,2022-02-09T10:00:55.584845Z,14.362
http://localhost:8081/Flute/_Hwms79wzuA.wav,369,"[{""start"": 16.02315297363581, ""end"": 217.2027403092854, ""labels"": [""Usable""]}]",1,369,2022-02-09T10:00:40.076005Z,2022-02-09T10:00:40.076172Z,17.184
http://localhost:8081/Flute/9MKeGursT48.wav,368,"[{""start"": 0, ""end"": 180.49042655688885, ""labels"": [""Usable""]}]",1,368,2022-02-09T10:00:21.790877Z,2022-02-09T10:00:21.791018Z,41.785
http://localhost:8081/Flute/FQ017iBbwSE.wav,367,"[{""start"": 14.237095510593365, ""end"": 380.74061136901116, ""labels"": [""Usable""]}]",1,367,2022-02-09T09:59:28.439343Z,2022-02-09T09:59:28.439493Z,21.317
http://localhost:8081/Flute/X0T6KysSejQ.wav,366,"[{""start"": -0.6822979864334859, ""end"": 302.9403059764678, ""labels"": [""Usable""]}]",1,366,2022-02-09T09:59:05.922337Z,2022-02-09T09:59:05.922478Z,19.857
http://localhost:8081/Flute/Tsc3IvYofS4.wav,365,"[{""start"": -0.157955509814812, ""end"": 132.99853926406044, ""labels"": [""Usable""]}]",1,365,2022-02-09T09:58:44.886034Z,2022-02-09T09:58:44.886181Z,17.256
http://localhost:8081/Flute/QAiwlq3aP2U.wav,364,"[{""start"": -0.1495594532519734, ""end"": 139.9876482438469, ""labels"": [""Usable""]}]",1,364,2022-02-09T09:58:26.549160Z,2022-02-09T09:58:26.549313Z,14.886
http://localhost:8081/Flute/aGXm9SGCVT8.wav,363,"[{""start"": 4.663598654053897, ""end"": 333.9854113018598, ""labels"": [""Usable""]}]",1,363,2022-02-09T09:58:10.514984Z,2022-02-09T09:58:10.515188Z,9.059
http://localhost:8081/Flute/xE908RyNvGY.wav,362,"[{""start"": 1.212968842758849, ""end"": 99.57371500102187, ""labels"": [""Usable""]}]",1,362,2022-02-09T09:58:00.418298Z,2022-02-09T09:58:00.418439Z,7.915
http://localhost:8081/Flute/MVDw2DRMll8.wav,361,"[{""start"": 1.778195089194476, ""end"": 44.647114536801844, ""labels"": [""Usable""]}]",1,361,2022-02-09T09:57:51.533522Z,2022-02-09T09:57:51.533667Z,6.428
http://localhost:8081/Flute/CpwKka2ZQ_Q.wav,360,"[{""start"": 1.6206008583690987, ""end"": 300.78351931330474, ""labels"": [""Usable""]}]",1,360,2022-02-09T09:57:43.950892Z,2022-02-09T09:57:43.951109Z,11.324
http://localhost:8081/Flute/L505EUfuKXo.wav,359,"[{""start"": 18.767990934571255, ""end"": 208.3518993606026, ""labels"": [""Usable""]}]",1,359,2022-02-09T09:57:31.463844Z,2022-02-09T09:57:31.463991Z,29.829
http://localhost:8081/Flute/tfcNUo8qjrA.wav,358,"[{""start"": 7.594071219331789, ""end"": 117.50099286638834, ""labels"": [""Usable""]}]",1,358,2022-02-09T09:57:00.544531Z,2022-02-09T09:57:00.544706Z,35.599
http://localhost:8081/Flute/sFZxHP0cdis.wav,357,"[{""start"": 2.0219609159829885, ""end"": 377.7022991056222, ""labels"": [""Usable""]}]",1,357,2022-02-09T09:56:13.485788Z,2022-02-09T09:56:13.485943Z,22.226
http://localhost:8081/Flute/xLsJiesFtR4.wav,356,"[{""start"": 8.892346208869814, ""end"": 351.69229256080115, ""labels"": [""Usable""]}]",1,356,2022-02-09T09:55:50.041192Z,2022-02-09T09:55:50.041339Z,22.425
http://localhost:8081/Flute/IwVzHubf-AU.wav,355,,1,355,2022-02-09T09:55:26.536821Z,2022-02-09T09:55:26.536965Z,7.19
http://localhost:8081/Flute/fQNaSXz1HH4.wav,354,,1,354,2022-02-09T09:53:03.913197Z,2022-02-09T09:53:03.913361Z,16.35
http://localhost:8081/Flute/XUY-5Ji7RSo.wav,353,"[{""start"": 13.392553112804492, ""end"": 366.7196161182642, ""labels"": [""Usable""]}]",1,353,2022-02-09T09:52:46.398986Z,2022-02-09T09:52:46.399133Z,37.869
http://localhost:8081/Flute/gP5AQaG2nrA.wav,352,"[{""start"": 41.27356904421283, ""end"": 69.68592410927175, ""labels"": [""Borderline""]}]",1,352,2022-02-09T09:52:07.542535Z,2022-02-09T09:52:07.542691Z,9.757
http://localhost:8081/Flute/woCrO0VxT6s.wav,351,"[{""start"": 5.363511187021314, ""end"": 186.6914470867031, ""labels"": [""Usable""]}]",1,351,2022-02-09T09:51:56.688292Z,2022-02-09T09:51:56.688444Z,11.214
http://localhost:8081/Flute/XlPvAkLT3Yw.wav,350,"[{""start"": 0, ""end"": 204.00040414878396, ""labels"": [""Usable""]}]",1,350,2022-02-09T09:51:44.325477Z,2022-02-09T09:51:44.325624Z,14.941
http://localhost:8081/Flute/eHbxLcoLWYY.wav,349,"[{""start"": -0.18827601140599298, ""end"": 87.92489732659875, ""labels"": [""Usable""]}]",1,349,2022-02-09T09:50:53.028042Z,2022-02-09T09:51:05.964947Z,58.438
http://localhost:8081/Flute/6Msu5whwZp8.wav,348,"[{""start"": 6.5975813844851245, ""end"": 56.49579399141631, ""labels"": [""Borderline""]}]",1,348,2022-02-09T09:49:47.725762Z,2022-02-09T09:49:47.725909Z,8.011
http://localhost:8081/Flute/FBbaE4ytj8E.wav,347,"[{""start"": 0.9662690140433803, ""end"": 58.942409856646506, ""labels"": [""Usable""]}]",1,347,2022-02-09T09:49:38.577393Z,2022-02-09T09:49:38.577571Z,55.8
http://localhost:8081/Flute/YEyKM13yf_4.wav,346,"[{""start"": 29.204128346617626, ""end"": 240.6733077136434, ""labels"": [""Usable""]}]",1,346,2022-02-09T09:48:41.627851Z,2022-02-09T09:48:41.628013Z,18.018
http://localhost:8081/Flute/pvbqhkYRS9I.wav,345,"[{""start"": 43.54299572761865, ""end"": 75.03069924965693, ""labels"": [""Usable""]}]",1,345,2022-02-09T09:48:22.581555Z,2022-02-09T09:48:22.581697Z,12.952
http://localhost:8081/Flute/U-w6uARcQ_w.wav,344,"[{""start"": 2.7315837493795803, ""end"": 245.2962206942863, ""labels"": [""Usable""]}]",1,344,2022-02-09T09:48:08.512383Z,2022-02-09T09:48:08.512524Z,28.388
http://localhost:8081/Flute/GyzoyHOrW9g.wav,343,,1,343,2022-02-09T09:47:20.779154Z,2022-02-09T09:47:20.779373Z,4.944
http://localhost:8081/Flute/EkhMOP-WOCI.wav,342,"[{""start"": 1.9475613120784887, ""end"": 590.7602646638055, ""labels"": [""Usable""]}]",1,342,2022-02-09T09:47:14.583167Z,2022-02-09T09:47:14.583372Z,27.331
http://localhost:8081/Flute/guMUF9uLn9c.wav,341,"[{""start"": 1.7471646813231732, ""end"": 325.32206366237483, ""labels"": [""Usable""]}]",1,341,2022-02-09T09:46:46.081226Z,2022-02-09T09:46:46.081385Z,19.332
http://localhost:8081/Flute/PezMSXKNAYQ.wav,340,,1,340,2022-02-09T09:46:25.552738Z,2022-02-09T09:46:25.552893Z,44.613
http://localhost:8081/Flute/3eNS7XoMWKs.wav,339,"[{""start"": 1.1188105620758682, ""end"": 306.2743913682689, ""labels"": [""Usable""]}]",1,339,2022-02-09T09:41:31.320116Z,2022-02-09T09:41:31.320249Z,94.446
http://localhost:8081/Flute/be1jJCH32OU.wav,338,"[{""start"": 3.003443721811069, ""end"": 210.24106052677482, ""labels"": [""Usable""]}]",1,338,2022-02-09T09:30:03.841925Z,2022-02-09T09:30:03.842084Z,32.296
http://localhost:8081/Horn/phQsRPlzFRc.wav,337,"[{""start"": 7.340269949249541, ""end"": 363.67701112190906, ""labels"": [""Borderline""]}]",1,337,2022-02-09T09:22:46.280267Z,2022-02-09T09:22:46.280422Z,183.161
http://localhost:8081/Horn/uzvdXiG6wFc.wav,336,,1,336,2022-02-09T09:19:42.053985Z,2022-02-09T09:19:42.054139Z,14.289
http://localhost:8081/Horn/XyhvXQ2BdLM.wav,335,"[{""start"": 3.316817422939872, ""end"": 241.90655071308132, ""labels"": [""Usable""]}]",1,335,2022-02-08T16:36:03.148265Z,2022-02-08T16:36:03.148413Z,28.986
http://localhost:8081/Horn/ur77HMoZPjY.wav,334,"[{""start"": 5.328426735773696, ""end"": 447.1779668253139, ""labels"": [""Usable""]}]",1,334,2022-02-08T16:35:32.983055Z,2022-02-08T16:35:32.983203Z,27.965
http://localhost:8081/Horn/SqWamN0ZYCo.wav,333,"[{""start"": 0.19577483740749047, ""end"": 213.39457277416463, ""labels"": [""Usable""]}]",1,333,2022-02-08T16:35:03.908459Z,2022-02-08T16:35:03.908625Z,13.829
http://localhost:8081/Horn/35pY0N1OgUI.wav,332,"[{""start"": 5.647254574601513, ""end"": 322.78518252722336, ""labels"": [""Usable""]}]",1,332,2022-02-08T16:34:49.024313Z,2022-02-08T16:34:49.024461Z,12.46
http://localhost:8081/Horn/Q6vzjR7HH1c.wav,331,"[{""start"": 8.869724984010697, ""end"": 276.48199878730486, ""labels"": [""Borderline""]}]",1,331,2022-02-08T16:34:35.415259Z,2022-02-08T16:34:35.415425Z,23.474
http://localhost:8081/Horn/WsXiWtJB4Yg.wav,330,,1,330,2022-02-08T16:34:10.894059Z,2022-02-08T16:34:10.894201Z,11.213
http://localhost:8081/Horn/j7TkUM8KihE.wav,329,"[{""start"": 0.31746696236492156, ""end"": 347.30885682722413, ""labels"": [""Usable""]}]",1,329,2022-02-08T16:33:58.609068Z,2022-02-08T16:33:58.609216Z,20.732
http://localhost:8081/Horn/rpDZOJcCxYs.wav,328,,1,328,2022-02-08T16:33:36.784985Z,2022-02-08T16:33:36.785131Z,7.141
http://localhost:8081/Horn/4i4RaNKmqpg.wav,327,,1,327,2022-02-08T16:33:28.530292Z,2022-02-08T16:33:28.530456Z,8.274
http://localhost:8081/Horn/H7HeGL4BslI.wav,326,"[{""start"": 9.508892668178381, ""end"": 115.20389194139189, ""labels"": [""Usable""]}, {""start"": 148.85074292110005, ""end"": 399.37349206349205, ""labels"": [""Usable""]}]",1,326,2022-02-08T16:33:19.104617Z,2022-02-08T16:33:19.104763Z,25.347
http://localhost:8081/Horn/eNGHfCEzPPQ.wav,325,"[{""start"": 5.011640211640211, ""end"": 421.7487993487993, ""labels"": [""Usable""]}]",1,325,2022-02-08T16:32:52.703385Z,2022-02-08T16:32:52.703534Z,18.958
http://localhost:8081/Horn/gQ2FkvEpi00.wav,324,"[{""start"": 6.218004036779546, ""end"": 251.02312592924838, ""labels"": [""Usable""]}]",1,324,2022-02-08T16:32:32.599985Z,2022-02-08T16:32:32.600133Z,22.742
http://localhost:8081/Horn/u1s5wQVhwws.wav,323,"[{""start"": 5.4054013107074335, ""end"": 245.27008447334978, ""labels"": [""Usable""]}]",1,323,2022-02-08T16:32:08.838527Z,2022-02-08T16:32:08.838669Z,33.441
http://localhost:8081/Horn/H83zmcFj93U.wav,322,"[{""start"": -0.3926128595516354, ""end"": 429.9110812090404, ""labels"": [""Usable""]}]",1,322,2022-02-08T16:31:34.283619Z,2022-02-08T16:31:34.283758Z,186.408
http://localhost:8081/Horn/N-1BpmU7rQQ.wav,321,,1,321,2022-02-08T16:28:20.301085Z,2022-02-08T16:28:20.301235Z,14.805
http://localhost:8081/Horn/CO7c2viMh7M.wav,320,"[{""start"": 7.117809174952052, ""end"": 277.0861428820615, ""labels"": [""Usable""]}]",1,320,2022-02-08T16:28:04.248392Z,2022-02-08T16:28:04.248541Z,144.124
http://localhost:8081/Horn/p2NrxxKucaU.wav,319,"[{""start"": 3.5466992266992263, ""end"": 275.12252572824, ""labels"": [""Borderline""]}]",1,319,2022-02-08T16:25:39.015322Z,2022-02-08T16:25:39.015460Z,45.028
http://localhost:8081/Horn/-mDLXrSTFeg.wav,318,,1,318,2022-02-08T16:24:53.005418Z,2022-02-08T16:24:53.005566Z,9.371
http://localhost:8081/Horn/Y9t9eMY-O9U.wav,317,"[{""start"": 5.0162331697025575, ""end"": 246.7074677099167, ""labels"": [""Borderline""]}]",1,317,2022-02-08T16:24:42.484385Z,2022-02-08T16:24:42.484532Z,21.549
http://localhost:8081/Horn/7oYZqza2O70.wav,316,"[{""start"": 16.118962585034016, ""end"": 390.7952928949358, ""labels"": [""Borderline""]}]",1,316,2022-02-08T16:24:19.794603Z,2022-02-08T16:24:19.794762Z,76.232
http://localhost:8081/Horn/Gg7ci0QzfLw.wav,315,"[{""start"": 6.125390014369606, ""end"": 91.88085021554409, ""labels"": [""Usable""]}, {""start"": 112.76286162816777, ""end"": 170.67563994584404, ""labels"": [""Usable""]}, {""start"": 202.41629729303196, ""end"": 304.3205129866354, ""labels"": [""Usable""]}]",1,315,2022-02-08T16:23:02.363530Z,2022-02-08T16:23:02.363762Z,34.858
http://localhost:8081/Horn/ZhsmsV_ChHo.wav,314,"[{""start"": 11.201905758640452, ""end"": 298.0799800652862, ""labels"": [""Borderline""]}]",1,314,2022-02-08T16:22:26.344389Z,2022-02-08T16:22:26.344562Z,14.932
http://localhost:8081/Horn/kQjgSdkG-2w.wav,313,"[{""start"": 6.207404084955105, ""end"": 149.97088269251537, ""labels"": [""Usable""]}]",1,313,2022-02-08T16:22:10.223511Z,2022-02-08T16:22:10.223656Z,38.29
http://localhost:8081/Horn/oe3rovGvB5s.wav,312,"[{""start"": 10.990693478856743, ""end"": 315.2593655777329, ""labels"": [""Usable""]}]",1,312,2022-02-08T16:21:30.720200Z,2022-02-08T16:21:30.720342Z,21.504
http://localhost:8081/Horn/gqGh0MnVYH4.wav,311,"[{""start"": 1.9212811376076684, ""end"": 418.8392879984717, ""labels"": [""Usable""]}]",1,311,2022-02-08T16:21:08.055022Z,2022-02-08T16:21:08.055160Z,64.525
http://localhost:8081/Horn/8V1AfWUBDC4.wav,310,"[{""start"": 206.5151296171704, ""end"": 310.76966401701094, ""labels"": [""Usable""]}, {""start"": 4.842423728954341, ""end"": 87.73332403046687, ""labels"": [""Usable""]}, {""start"": 110.80604885666109, ""end"": 171.7636181505569, ""labels"": [""Usable""]}]",1,310,2022-02-08T16:20:02.313358Z,2022-02-08T16:20:02.313518Z,148.622
http://localhost:8081/Horn/TQiHN4xUydc.wav,309,"[{""start"": 8.22847574194513, ""end"": 283.74969574643046, ""labels"": [""Borderline""]}]",1,309,2022-02-08T16:17:32.482429Z,2022-02-08T16:17:32.482583Z,15.591
http://localhost:8081/Horn/j757Lyv53UA.wav,308,"[{""start"": 5.469213658601414, ""end"": 259.43096093626707, ""labels"": [""Usable""]}]",1,308,2022-02-08T16:17:15.712879Z,2022-02-08T16:17:15.713018Z,31.321
http://localhost:8081/Horn/kitiLnAWqwA.wav,307,"[{""start"": 5.784001395429967, ""end"": 298.0137861835821, ""labels"": [""Usable""]}]",1,307,2022-02-08T16:16:43.241731Z,2022-02-08T16:16:43.241898Z,16.27
http://localhost:8081/Horn/NpBgfrKcX4s.wav,306,"[{""start"": 16.9365328549002, ""end"": 341.2397730765078, ""labels"": [""Usable""]}]",1,306,2022-02-08T16:16:25.727624Z,2022-02-08T16:16:25.727770Z,12.055
http://localhost:8081/Horn/wCWrLV_Osgw.wav,305,"[{""start"": 8.776377364132468, ""end"": 152.31890491972126, ""labels"": [""Borderline""]}]",1,305,2022-02-08T16:16:12.606155Z,2022-02-08T16:16:12.606312Z,23.076
http://localhost:8081/Horn/4nNjh4aGtjc.wav,304,"[{""start"": 5.544083127756597, ""end"": 334.8010199928567, ""labels"": [""Borderline""]}]",1,304,2022-02-08T16:15:48.431174Z,2022-02-08T16:15:48.431362Z,32.7
http://localhost:8081/Horn/VIUqPsGCHdU.wav,303,"[{""start"": 8.619153605276056, ""end"": 247.2336165723921, ""labels"": [""Usable""]}]",1,303,2022-02-08T16:15:14.561590Z,2022-02-08T16:15:14.561737Z,26.861
http://localhost:8081/Horn/Zuk7lgvBD2c.wav,302,"[{""start"": 12.467435814374591, ""end"": 289.1384050567724, ""labels"": [""Borderline""]}]",1,302,2022-02-08T16:14:46.629304Z,2022-02-08T16:14:46.629455Z,18.346
http://localhost:8081/Tuba/WNjneIIIEjY.wav,301,"[{""start"": 0.19116061565041156, ""end"": 49.94071083867002, ""labels"": [""Borderline""]}]",1,301,2022-02-08T16:14:27.272368Z,2022-02-08T16:14:27.272540Z,13.165
http://localhost:8081/Tuba/C952gmBlkIU.wav,300,,1,300,2022-02-08T16:14:13.000672Z,2022-02-08T16:14:13.000828Z,12.057
http://localhost:8081/Tuba/rrc8oD54sQk.wav,299,,1,299,2022-02-08T16:13:59.993849Z,2022-02-08T16:13:59.993994Z,3.561
http://localhost:8081/Tuba/yXLF7dzeJiw.wav,298,"[{""start"": 12.19238992300217, ""end"": 141.27269193391643, ""labels"": [""Usable""]}, {""start"": 154.79034163115796, ""end"": 210.98135605890707, ""labels"": [""Usable""]}, {""start"": 217.34260297525603, ""end"": 280.42496822904985, ""labels"": [""Usable""]}]",1,298,2022-02-08T16:13:55.340573Z,2022-02-08T16:13:55.340725Z,42.008
http://localhost:8081/Tuba/4VJz9lT09oE.wav,297,"[{""start"": 1.4151520437234724, ""end"": 307.37102389673817, ""labels"": [""Usable""]}]",1,297,2022-02-08T16:13:12.220851Z,2022-02-08T16:13:12.220997Z,18.721
http://localhost:8081/Tuba/P_lSgczU2Sk.wav,296,"[{""start"": 6.773635012002358, ""end"": 44.02862757801533, ""labels"": [""Usable""]}]",1,296,2022-02-08T16:12:52.476868Z,2022-02-08T16:12:52.477018Z,14.966
http://localhost:8081/Tuba/R5j8f9TQ3ZQ.wav,295,,1,295,2022-02-08T16:12:36.634361Z,2022-02-08T16:12:36.634525Z,8.345
http://localhost:8081/Tuba/jH3sCTzek7k.wav,294,,1,294,2022-02-08T16:12:27.303604Z,2022-02-08T16:12:27.303758Z,11.877
http://localhost:8081/Tuba/pg0vRIfHDHA.wav,293,"[{""start"": 0.27072936134160624, ""end"": 48.82152816193632, ""labels"": [""Usable""]}]",1,293,2022-02-08T16:12:14.453049Z,2022-02-08T16:12:14.453199Z,16.085
http://localhost:8081/Tuba/poe8zvj0MGY.wav,292,,1,292,2022-02-08T16:11:57.350508Z,2022-02-08T16:11:57.350648Z,8.338
http://localhost:8081/Tuba/ilZ61Cctlos.wav,291,"[{""start"": 0.9626287242613772, ""end"": 45.24355004028473, ""labels"": [""Borderline""]}]",1,291,2022-02-08T16:11:47.932225Z,2022-02-08T16:11:47.932373Z,14.747
http://localhost:8081/Tuba/Z4zI5rCHgBg.wav,290,,1,290,2022-02-08T16:11:32.243238Z,2022-02-08T16:11:32.243379Z,14.708
http://localhost:8081/Tuba/ICKnUHRZfkc.wav,289,"[{""start"": 6.472243402855651, ""end"": 77.37926557191864, ""labels"": [""Usable""]}]",1,289,2022-02-08T16:11:16.518291Z,2022-02-08T16:11:16.518445Z,17.999
http://localhost:8081/Tuba/tNAcx6ZGKds.wav,288,,1,288,2022-02-08T16:10:57.457497Z,2022-02-08T16:10:57.457659Z,5.61
http://localhost:8081/Tuba/JRPtROMynA8.wav,287,,1,287,2022-02-08T16:10:50.851646Z,2022-02-08T16:10:50.851793Z,21.474
http://localhost:8081/Tuba/hyCLFtmcYxo.wav,286,,1,286,2022-02-08T16:10:28.306628Z,2022-02-08T16:10:28.306804Z,21.306
http://localhost:8081/Tuba/mOmUcCQNVJU.wav,285,"[{""start"": 4.226159328200144, ""end"": 152.2826077928119, ""labels"": [""Usable""]}]",1,285,2022-02-08T16:10:05.926019Z,2022-02-08T16:10:05.926185Z,34.55
http://localhost:8081/Tuba/GRTTCjEEGks.wav,284,"[{""start"": 3.7276107414882924, ""end"": 115.99447542631216, ""labels"": [""Usable""]}]",1,284,2022-02-08T16:09:30.349260Z,2022-02-08T16:09:30.349408Z,54.8
http://localhost:8081/Tuba/baNbDY257wU.wav,283,"[{""start"": 72.98482536360088, ""end"": 250.34868405970445, ""labels"": [""Borderline""]}]",1,283,2022-02-08T16:08:34.404745Z,2022-02-08T16:08:34.404899Z,53.9
http://localhost:8081/Tuba/C2o3j7b5klA.wav,282,"[{""start"": 29.58553935860058, ""end"": 288.732948925602, ""labels"": [""Borderline""]}]",1,282,2022-02-08T16:07:39.357355Z,2022-02-08T16:07:39.357504Z,21.693
http://localhost:8081/Tuba/-kUCgRjtwPY.wav,281,"[{""start"": 4.915996112730826, ""end"": 282.5404081632653, ""labels"": [""Usable""]}]",1,281,2022-02-08T16:07:16.552198Z,2022-02-08T16:07:16.552461Z,18.991
http://localhost:8081/Tuba/N0VAxdaDynM.wav,280,"[{""start"": 2.2172717682921763, ""end"": 95.69744951949035, ""labels"": [""Usable""]}]",1,280,2022-02-08T16:06:56.550660Z,2022-02-08T16:06:56.550803Z,21.612
http://localhost:8081/Tuba/yhVcclBVc_I.wav,279,,1,279,2022-02-08T16:06:33.949379Z,2022-02-08T16:06:33.949528Z,9.992
http://localhost:8081/Tuba/QVHfU1D9Wb4.wav,278,"[{""start"": 18.87125264757918, ""end"": 197.86788667115198, ""labels"": [""Borderline""]}]",1,278,2022-02-08T16:06:22.885652Z,2022-02-08T16:06:22.885794Z,15.012
http://localhost:8081/Tuba/sRMYO3rLHwA.wav,277,,1,277,2022-02-08T16:06:06.794928Z,2022-02-08T16:06:06.795099Z,5.524
http://localhost:8081/Tuba/nQMA5_ukf4w.wav,276,,1,276,2022-02-08T16:06:00.282035Z,2022-02-08T16:06:00.282216Z,13.351
http://localhost:8081/Tuba/HQveyGmUBSs.wav,275,"[{""start"": 4.30959806633276, ""end"": 119.27446412997433, ""labels"": [""Usable""]}]",1,275,2022-02-08T16:05:45.886629Z,2022-02-08T16:05:45.886780Z,19.597
http://localhost:8081/Tuba/4-hZDt0Vr5I.wav,274,,1,274,2022-02-08T16:05:25.363714Z,2022-02-08T16:05:25.363862Z,8.586
http://localhost:8081/Tuba/ribMR6UL2xg.wav,273,,1,273,2022-02-08T16:05:15.749771Z,2022-02-08T16:05:15.749915Z,17.894
http://localhost:8081/Tuba/CHJf_1WsVHk.wav,272,"[{""start"": 19.944006046863187, ""end"": 246.58043839758125, ""labels"": [""Usable""]}]",1,272,2022-02-08T16:04:56.794524Z,2022-02-08T16:04:56.794679Z,28.854
http://localhost:8081/Tuba/z_I41tB8zSc.wav,271,"[{""start"": 1.4534798534798534, ""end"": 105.71643467643467, ""labels"": [""Usable""]}]",1,271,2022-02-08T16:04:26.878907Z,2022-02-08T16:04:26.879054Z,5141.682
http://localhost:8081/Tuba/lpAVnvhTmAA.wav,270,,1,270,2022-02-08T14:38:44.127326Z,2022-02-08T14:38:44.127508Z,18.956
http://localhost:8081/Tuba/udKRvSc3QqY.wav,269,"[{""start"": 4.385084182635203, ""end"": 287.2230139626058, ""labels"": [""Usable""]}]",1,269,2022-02-08T14:38:23.959483Z,2022-02-08T14:38:23.959635Z,15.44
http://localhost:8081/Tuba/sgyhfvTIMmw.wav,268,"[{""start"": 39.1857573114716, ""end"": 276.6205104947962, ""labels"": [""Usable""]}]",1,268,2022-02-08T14:38:01.581609Z,2022-02-08T14:38:01.581757Z,29.757
http://localhost:8081/Tuba/Axzyyn1GCxY.wav,267,,1,267,2022-02-08T14:37:30.722158Z,2022-02-08T14:37:30.722298Z,10.454
http://localhost:8081/Tuba/g_ifTNX0JqA.wav,266,,1,266,2022-02-08T14:37:19.339823Z,2022-02-08T14:37:19.340012Z,4.963
http://localhost:8081/Tuba/6sRMktnR7XM.wav,265,,1,265,2022-02-08T14:37:13.365194Z,2022-02-08T14:37:13.365340Z,3.373
http://localhost:8081/Tuba/lwpD5ZLWGOU.wav,264,"[{""start"": 261.96716686186073, ""end"": 335.0828277391543, ""labels"": [""Usable""]}]",1,264,2022-02-08T14:37:08.712525Z,2022-02-08T14:37:08.712667Z,21.22
http://localhost:8081/Saxophone/sNDgd3wAIhs.wav,263,"[{""start"": 0.9212070469213327, ""end"": 143.05029428621268, ""labels"": [""Borderline""]}]",1,263,2022-02-08T14:36:33.774678Z,2022-02-08T14:36:41.837529Z,1380.656
http://localhost:8081/Saxophone/5MOH4bCEFxQ.wav,262,,1,262,2022-02-08T14:36:13.863002Z,2022-02-08T14:36:13.863155Z,36.084
http://localhost:8081/Saxophone/A8Q-O5KB7kw.wav,261,"[{""start"": 6.089709534607493, ""end"": 102.11974450341798, ""labels"": [""Usable""]}]",1,261,2022-02-08T14:35:36.714454Z,2022-02-08T14:35:36.714630Z,9.241
http://localhost:8081/Saxophone/ag39M6kCwRA.wav,260,"[{""start"": 20.631099814773282, ""end"": 178.08765360112298, ""labels"": [""Usable""]}]",1,260,2022-02-08T14:35:26.344055Z,2022-02-08T14:35:26.344302Z,39.434
http://localhost:8081/Saxophone/ZwFDieF3ZFE.wav,259,,1,259,2022-02-08T14:34:45.839357Z,2022-02-08T14:34:45.839500Z,6.984
http://localhost:8081/Saxophone/rEnef0RRQfU.wav,258,,1,258,2022-02-08T14:34:37.640058Z,2022-02-08T14:34:37.640211Z,31.513
http://localhost:8081/Saxophone/XMe3sx3C0z4.wav,257,"[{""start"": 2.24385138670853, ""end"": 114.11587052403378, ""labels"": [""Usable""]}]",1,257,2022-02-08T14:34:05.081803Z,2022-02-08T14:34:05.082002Z,21.821
http://localhost:8081/Saxophone/9lpi9pjKjz4.wav,256,"[{""start"": 3.7175742775742773, ""end"": 144.7198558055701, ""labels"": [""Usable""]}]",1,256,2022-02-08T14:33:42.159695Z,2022-02-08T14:33:42.159909Z,10.302
http://localhost:8081/Saxophone/cViWaf73v1c.wav,255,"[{""start"": 1.3046552540430092, ""end"": 235.49027335476316, ""labels"": [""Borderline""]}]",1,255,2022-02-08T14:33:30.711624Z,2022-02-08T14:33:30.711762Z,39.013
http://localhost:8081/Saxophone/HoiQWzWCOgk.wav,254,"[{""start"": 0.2545264259549974, ""end"": 23.39097854526426, ""labels"": [""Usable""]}]",1,254,2022-02-08T14:32:50.719968Z,2022-02-08T14:32:50.720110Z,8.76
http://localhost:8081/Saxophone/y64SQKecqX4.wav,253,"[{""start"": 0.12167086126269801, ""end"": 132.01288447002733, ""labels"": [""Borderline""]}]",1,253,2022-02-08T14:32:06.150064Z,2022-02-08T14:32:06.150218Z,12.429
http://localhost:8081/Saxophone/R9g-OMGPsm0.wav,252,"[{""start"": 13.341331140514814, ""end"": 115.95026820496209, ""labels"": [""Usable""]}]",1,252,2022-02-08T14:31:52.741817Z,2022-02-08T14:31:52.741972Z,11.682
http://localhost:8081/Saxophone/QrCMPRpdfwU.wav,251,"[{""start"": 19.961208375902256, ""end"": 70.5499196797156, ""labels"": [""Borderline""]}, {""start"": 82.28284368692532, ""end"": 134.7000626282259, ""labels"": [""Borderline""]}, {""start"": 142.01409317817482, ""end"": 162.12767719053434, ""labels"": [""Borderline""]}]",1,251,2022-02-08T14:31:39.961268Z,2022-02-08T14:31:39.961439Z,34.274
http://localhost:8081/Saxophone/ZQRZmdIda6s.wav,250,"[{""start"": 30.58357213459254, ""end"": 124.58781490618225, ""labels"": [""Usable""]}]",1,250,2022-02-08T14:31:04.549225Z,2022-02-08T14:31:04.549389Z,13.525
http://localhost:8081/Saxophone/uPFmNhqERog.wav,249,"[{""start"": 20.099464919056757, ""end"": 201.17904795129286, ""labels"": [""Usable""]}]",1,249,2022-02-08T14:30:49.768731Z,2022-02-08T14:30:49.768871Z,17.368
http://localhost:8081/Saxophone/1kH9rdpPc38.wav,248,"[{""start"": 2.8668989060825796, ""end"": 43.045032850747134, ""labels"": [""Usable""]}]",1,248,2022-02-08T14:30:31.374160Z,2022-02-08T14:30:31.374310Z,7.771
http://localhost:8081/Saxophone/dy_VGcI3pqA.wav,247,"[{""start"": 3.2818386451039516, ""end"": 358.0485961808411, ""labels"": [""Usable""]}]",1,247,2022-02-08T14:30:22.443990Z,2022-02-08T14:30:22.444138Z,15.769
http://localhost:8081/Saxophone/Hj4Qc3_em6E.wav,246,,1,246,2022-02-08T14:30:05.671291Z,2022-02-08T14:30:05.671437Z,8.728
http://localhost:8081/Saxophone/XAQBStul-PU.wav,245,"[{""start"": 4.955036256260747, ""end"": 146.99940893573546, ""labels"": [""Usable""]}]",1,245,2022-02-08T14:29:55.806267Z,2022-02-08T14:29:55.806416Z,20.651
http://localhost:8081/Saxophone/1ulhWinVNfo.wav,244,"[{""start"": 110.9027455084598, ""end"": 161.53901306554366, ""labels"": [""Usable""]}, {""start"": 165.57748839218226, ""end"": 253.4919897336224, ""labels"": [""Usable""]}, {""start"": 262.1902442833055, ""end"": 295.43000274102315, ""labels"": [""Usable""]}, {""start"": 303.8176053425033, ""end"": 336.746711852018, ""labels"": [""Usable""]}]",1,244,2022-02-08T14:29:33.823833Z,2022-02-08T14:29:33.823980Z,51.027
http://localhost:8081/Saxophone/6SN-h-wd_fM.wav,243,,1,243,2022-02-08T14:28:41.742878Z,2022-02-08T14:28:41.743050Z,4.408
http://localhost:8081/Saxophone/ENa-FK70gMQ.wav,242,"[{""start"": 0, ""end"": 251.24182302957814, ""labels"": [""Borderline""]}]",1,242,2022-02-08T14:28:36.163690Z,2022-02-08T14:28:36.163864Z,31.229
http://localhost:8081/Saxophone/gq0-x29RYvM.wav,241,"[{""start"": 8.128685222562774, ""end"": 233.37883099515753, ""labels"": [""Borderline""]}]",1,241,2022-02-08T14:28:03.789967Z,2022-02-08T14:28:03.790123Z,19.483
http://localhost:8081/Saxophone/7PNsIVhKV0M.wav,240,"[{""start"": 0.6897942571411959, ""end"": 93.29467327834675, ""labels"": [""Borderline""]}]",1,240,2022-02-08T14:27:43.252113Z,2022-02-08T14:27:43.252254Z,8.914
http://localhost:8081/Saxophone/_ZejWRWUidc.wav,239,"[{""start"": 1.0770486656200944, ""end"": 130.562232687947, ""labels"": [""Borderline""]}]",1,239,2022-02-08T14:26:59.765380Z,2022-02-08T14:27:31.950177Z,830.838
http://localhost:8081/Saxophone/UO2RXlrXseo.wav,238,"[{""start"": 3.087041937654183, ""end"": 176.7737699035658, ""labels"": [""Usable""]}]",1,238,2022-02-08T14:26:27.712646Z,2022-02-08T14:26:27.712790Z,19.157
http://localhost:8081/Saxophone/m5Y-UX9Srq0.wav,237,"[{""start"": 0.5667837831103137, ""end"": 116.56853139302119, ""labels"": [""Usable""]}, {""start"": 116.94638724842807, ""end"": 158.8883871985913, ""labels"": [""Usable""]}, {""start"": 159.4551709817016, ""end"": 205.74251326904388, ""labels"": [""Usable""]}]",1,237,2022-02-08T14:26:07.431395Z,2022-02-08T14:26:07.431552Z,27.8
http://localhost:8081/Saxophone/YjTO6o8yiZw.wav,236,,1,236,2022-02-08T14:25:38.551687Z,2022-02-08T14:25:38.551827Z,4.385
http://localhost:8081/Saxophone/EuHyy73Jc5U.wav,235,"[{""start"": -0.033065045309943274, ""end"": 36.073964433148106, ""labels"": [""Usable""]}]",1,235,2022-02-08T14:25:33.187182Z,2022-02-08T14:25:33.187356Z,13.881
http://localhost:8081/Saxophone/pRv9iXN5FHk.wav,234,,1,234,2022-02-08T14:25:18.214269Z,2022-02-08T14:25:18.214424Z,7.734
http://localhost:8081/Saxophone/zNoSvo4hbuM.wav,233,"[{""start"": 1.3970247439635193, ""end"": 60.630873888016744, ""labels"": [""Borderline""]}]",1,233,2022-02-08T14:25:09.470476Z,2022-02-08T14:25:09.470624Z,19.949
http://localhost:8081/Saxophone/77OHAqrL2tA.wav,232,"[{""start"": -0.2767257232563354, ""end"": 150.953882036331, ""labels"": [""Usable""]}]",1,232,2022-02-08T14:24:48.429525Z,2022-02-08T14:24:48.429669Z,37.357
http://localhost:8081/Saxophone/OqH9szlahwU.wav,231,"[{""start"": 4.862964458066498, ""end"": 63.98949573480186, ""labels"": [""Usable""]}]",1,231,2022-02-08T14:24:10.033172Z,2022-02-08T14:24:10.033316Z,30.645
http://localhost:8081/Saxophone/igCT4G1M1Xo.wav,230,"[{""start"": 3.8474529250039455, ""end"": 207.95483059646327, ""labels"": [""Usable""]}]",1,230,2022-02-08T14:23:38.276365Z,2022-02-08T14:23:38.276534Z,38.09
http://localhost:8081/Saxophone/CXFYi7iozF8.wav,229,"[{""start"": -0.137661159701976, ""end"": 150.32598639455782, ""labels"": [""Usable""]}]",1,229,2022-02-08T14:22:59.155846Z,2022-02-08T14:22:59.156009Z,15.234
http://localhost:8081/Saxophone/0CZvvdta4Lc.wav,228,"[{""start"": 4.683762718762719, ""end"": 292.73516992266997, ""labels"": [""Usable""]}, {""start"": 294.40794232222805, ""end"": 365.3334920634921, ""labels"": [""Usable""]}]",1,228,2022-02-08T14:22:42.747855Z,2022-02-08T14:22:42.748003Z,40.539
http://localhost:8081/Saxophone/z8tWYFa1IkE.wav,227,"[{""start"": 22.046294385886224, ""end"": 157.20592924837823, ""labels"": [""Usable""]}]",1,227,2022-02-08T14:22:01.115696Z,2022-02-08T14:22:01.115880Z,65.963
http://localhost:8081/Saxophone/aC8JzVFm7LI.wav,226,"[{""start"": 0.02777038532140573, ""end"": 30.29749038565365, ""labels"": [""Usable""]}]",1,226,2022-02-08T14:20:54.152783Z,2022-02-08T14:20:54.152946Z,10.141
http://localhost:8081/Saxophone/nxkX-DNKScA.wav,225,,1,225,2022-02-08T14:20:42.985981Z,2022-02-08T14:20:42.986134Z,31.754
http://localhost:8081/Saxophone/vihnv5-l-4g.wav,224,"[{""start"": 10.841812023954882, ""end"": 175.3822533286819, ""labels"": [""Usable""]}, {""start"": 178.88989839525553, ""end"": 348.21349206349214, ""labels"": [""Usable""]}]",1,224,2022-02-08T14:20:10.096329Z,2022-02-08T14:20:10.096476Z,39.23
http://localhost:8081/Saxophone/7ceNky6vW9s.wav,223,"[{""start"": 3.9658491772777484, ""end"": 153.95993056074687, ""labels"": [""Usable""]}]",1,223,2022-02-08T14:19:29.863941Z,2022-02-08T14:19:29.864093Z,20.577
http://localhost:8081/Trumpet/6A_YE_SC5gs.wav,222,,1,222,2022-02-08T14:19:08.272553Z,2022-02-08T14:19:08.272706Z,73.656
http://localhost:8081/Trumpet/V--5M0ymbbM.wav,221,,1,221,2022-02-08T14:17:53.541251Z,2022-02-08T14:17:53.541419Z,9.577
http://localhost:8081/Trumpet/4BovCUXSGus.wav,220,,1,220,2022-02-08T14:17:43.030033Z,2022-02-08T14:17:43.030177Z,5.821
http://localhost:8081/Trumpet/02qCh_MBwtc.wav,219,"[{""start"": 5.188883822149128, ""end"": 19.588485293995497, ""labels"": [""Borderline""]}]",1,219,2022-02-08T14:17:36.195635Z,2022-02-08T14:17:36.195781Z,11.286
http://localhost:8081/Trumpet/qoy8a6UMEpU.wav,218,,1,218,2022-02-08T14:17:23.903765Z,2022-02-08T14:17:23.903908Z,11.393
http://localhost:8081/Trumpet/3bpD1lZsTsM.wav,217,"[{""start"": 8.650666400870483, ""end"": 172.8501078966385, ""labels"": [""Usable""]}]",1,217,2022-02-08T14:17:11.463462Z,2022-02-08T14:17:11.463630Z,13.292
http://localhost:8081/Trumpet/2btIZEqeThs.wav,216,,1,216,2022-02-08T14:16:57.131251Z,2022-02-08T14:16:57.131414Z,44.485
http://localhost:8081/Trumpet/b2G-8sUrtCM.wav,215,"[{""start"": 3.372251875109018, ""end"": 27.53127507413222, ""labels"": [""Usable""]}]",1,215,2022-02-08T14:16:11.678437Z,2022-02-08T14:16:11.678666Z,11.821
http://localhost:8081/Trumpet/GYK2CIwsVp4.wav,214,"[{""start"": 1.4702462767768891, ""end"": 23.86137400014951, ""labels"": [""Usable""]}]",1,214,2022-02-08T14:15:58.865875Z,2022-02-08T14:15:58.866015Z,79.559
http://localhost:8081/Trumpet/HkGF8A0N5xw.wav,213,,1,213,2022-02-08T14:14:38.294360Z,2022-02-08T14:14:38.294565Z,20.257
http://localhost:8081/Trumpet/fTUalNqUzKw.wav,212,"[{""start"": 0.13843462659789194, ""end"": 37.75804440457502, ""labels"": [""Usable""]}]",1,212,2022-02-08T14:14:17.051667Z,2022-02-08T14:14:17.051812Z,19.289
http://localhost:8081/Trumpet/3azSBjFTiig.wav,211,,1,211,2022-02-08T14:13:56.766710Z,2022-02-08T14:13:56.766852Z,13.22
http://localhost:8081/Trumpet/vW4wOpX094o.wav,210,,1,210,2022-02-08T14:11:08.764206Z,2022-02-08T14:11:08.764355Z,9.319
http://localhost:8081/Trumpet/_NaB7ZS5TTs.wav,209,"[{""start"": 10.116564252074456, ""end"": 38.88915003363983, ""labels"": [""Usable""]}]",1,209,2022-02-08T14:10:58.440321Z,2022-02-08T14:10:58.440471Z,10.697
http://localhost:8081/Trumpet/BKx-_2WMcB4.wav,208,"[{""start"": 0.31348396501457726, ""end"": 34.20110058309038, ""labels"": [""Usable""]}]",1,208,2022-02-08T14:10:46.712300Z,2022-02-08T14:10:46.712439Z,10.715
http://localhost:8081/Trumpet/U1Ik12eS5WA.wav,207,"[{""start"": 0.6971089681293764, ""end"": 0.6971089681293764, ""labels"": [""Borderline""]}, {""start"": 0.6099703471132043, ""end"": 30.556609769670995, ""labels"": [""Borderline""]}]",1,207,2022-02-08T14:10:35.024527Z,2022-02-08T14:10:35.024698Z,15.936
http://localhost:8081/Trumpet/lR8RrUBhCQg.wav,206,"[{""start"": 2.0776862442168564, ""end"": 29.884528170242458, ""labels"": [""Usable""]}]",1,206,2022-02-08T14:10:08.590882Z,2022-02-08T14:10:08.591044Z,17.958
http://localhost:8081/Trumpet/zQOSy7vkbTM.wav,205,,1,205,2022-02-08T14:09:49.620997Z,2022-02-08T14:09:49.621139Z,10.757
http://localhost:8081/Trumpet/aGk1zIDQQjQ.wav,204,"[{""start"": 0.6134150656599636, ""end"": 111.53930610583672, ""labels"": [""Usable""]}]",1,204,2022-02-08T14:09:37.814305Z,2022-02-08T14:09:37.814453Z,12.984
http://localhost:8081/Trumpet/Faa3nytprWw.wav,203,"[{""start"": 1.5549714684408562, ""end"": 51.40829915360528, ""labels"": [""Usable""]}]",1,203,2022-02-08T14:09:23.836397Z,2022-02-08T14:09:23.836536Z,10.988
http://localhost:8081/Trumpet/P6AovGKMtH8.wav,202,"[{""start"": 0.2780015449403205, ""end"": 149.84283272283275, ""labels"": [""Usable""]}]",1,202,2022-02-08T14:09:11.755429Z,2022-02-08T14:09:11.755579Z,7.622
http://localhost:8081/Trumpet/AZPwFCD7eo4.wav,201,"[{""start"": 2.1046805046805046, ""end"": 64.82415954415956, ""labels"": [""Usable""]}]",1,201,2022-02-08T14:08:30.117626Z,2022-02-08T14:08:59.288993Z,610.401
http://localhost:8081/Trumpet/JW2ud5KDFx4.wav,200,"[{""start"": 0.22693752959059083, ""end"": 22.363662006927314, ""labels"": [""Usable""]}]",1,200,2022-02-08T14:08:17.286855Z,2022-02-08T14:08:17.287009Z,7.445
http://localhost:8081/Trumpet/rB9Ff-jcr1c.wav,199,,1,199,2022-02-08T14:08:08.801268Z,2022-02-08T14:08:08.801418Z,7.603
http://localhost:8081/Trumpet/vPrlA5lT9LY.wav,198,,1,198,2022-02-08T14:08:00.200305Z,2022-02-08T14:08:00.200443Z,14.095
http://localhost:8081/Trumpet/Mfj2vFFdcgw.wav,197,"[{""start"": 1.8829001686144544, ""end"": 20.793767079481366, ""labels"": [""Borderline""]}]",1,197,2022-02-08T14:07:45.153816Z,2022-02-08T14:07:45.153988Z,12.846
http://localhost:8081/Trumpet/QE-sDP-D-CA.wav,196,,1,196,2022-02-08T14:07:31.327796Z,2022-02-08T14:07:31.328022Z,4.043
http://localhost:8081/Trumpet/qH_mI63Ra2Q.wav,195,,1,195,2022-02-08T14:07:26.303895Z,2022-02-08T14:07:26.304042Z,6.398
http://localhost:8081/Trumpet/y1fk_0eGggs.wav,194,"[{""start"": 2.8695781316189484, ""end"": 64.6252908391684, ""labels"": [""Borderline""]}]",1,194,2022-02-08T14:07:18.901715Z,2022-02-08T14:07:18.901889Z,157.729
http://localhost:8081/Trumpet/a6b1S_VkvJ4.wav,193,"[{""start"": 0.6637037037037037, ""end"": 51.76888888888888, ""labels"": [""Usable""]}]",1,193,2022-02-08T14:04:40.169660Z,2022-02-08T14:04:40.169799Z,14.122
http://localhost:8081/Trumpet/v3s8A6C9AfE.wav,192,,1,192,2022-02-08T14:04:25.062168Z,2022-02-08T14:04:25.062309Z,9.126
http://localhost:8081/Trumpet/7dLsRs23WJg.wav,191,"[{""start"": 1.0467053732359857, ""end"": 20.800890417216948, ""labels"": [""Borderline""]}]",1,191,2022-02-08T14:04:14.939987Z,2022-02-08T14:04:14.940129Z,26.546
http://localhost:8081/Trumpet/zNO2ITrg5O4.wav,190,"[{""start"": 8.243083900226758, ""end"": 114.98045235188093, ""labels"": [""Borderline""]}]",1,190,2022-02-08T14:03:47.392697Z,2022-02-08T14:03:47.392843Z,296.232
http://localhost:8081/Trumpet/GWU_50fQ6q0.wav,189,"[{""start"": 1.7636958959407938, ""end"": 120.26201390446288, ""labels"": [""Usable""]}]",1,189,2022-02-08T13:58:10.430180Z,2022-02-08T13:58:10.430340Z,7.809
http://localhost:8081/Trumpet/AS_TXoM2NVQ.wav,188,"[{""start"": 0.010755131112273969, ""end"": 11.583276207919065, ""labels"": [""Borderline""]}]",1,188,2022-02-08T13:58:01.693604Z,2022-02-08T13:58:01.693753Z,10.182
http://localhost:8081/Trumpet/nZ4HNz9xvSw.wav,187,"[{""start"": 0.6631083202511774, ""end"": 72.41142857142856, ""labels"": [""Usable""]}]",1,187,2022-02-08T13:57:50.445611Z,2022-02-08T13:57:50.445757Z,14.459
http://localhost:8081/Trumpet/YcXK-dWMxC0.wav,186,"[{""start"": 9.678702250130822, ""end"": 60.45040891081707, ""labels"": [""Usable""]}]",1,186,2022-02-08T13:57:34.954550Z,2022-02-08T13:57:34.954738Z,32.937
http://localhost:8081/Trumpet/tTb0yFcI2U8.wav,185,,1,185,2022-02-08T13:57:01.011895Z,2022-02-08T13:57:01.012132Z,9.058
http://localhost:8081/Trumpet/wnp3WUKB32I.wav,184,"[{""start"": 0, ""end"": 31.29503409666675, ""labels"": [""Usable""]}]",1,184,2022-02-08T13:56:50.943327Z,2022-02-08T13:56:50.943470Z,9.958
http://localhost:8081/Trumpet/eCQO6k5Qrmg.wav,183,"[{""start"": 2.098981834492039, ""end"": 62.61962472901248, ""labels"": [""Usable""]}]",1,183,2022-02-08T13:56:39.908795Z,2022-02-08T13:56:39.908931Z,12.396
http://localhost:8081/Trumpet/7C_EZday9G4.wav,182,"[{""start"": 2.0658104707084304, ""end"": 24.497817647205405, ""labels"": [""Borderline""]}]",1,182,2022-02-08T13:56:26.507500Z,2022-02-08T13:56:26.507644Z,10.35
http://localhost:8081/Trumpet/ufsSRKgUb6g.wav,181,"[{""start"": 0.07672944024984842, ""end"": 16.742363862516925, ""labels"": [""Usable""]}]",1,181,2022-02-08T13:56:15.188555Z,2022-02-08T13:56:15.188705Z,11.101
http://localhost:8081/Trumpet/0KYUektUHpg.wav,180,,1,180,2022-02-08T13:56:03.136073Z,2022-02-08T13:56:03.136220Z,12.863
http://localhost:8081/Trumpet/fombzY71B6s.wav,179,"[{""start"": 30.624983180085227, ""end"": 91.01530088958661, ""labels"": [""Borderline""]}]",1,179,2022-02-08T13:55:49.228493Z,2022-02-08T13:55:49.228638Z,31.0
http://localhost:8081/Trumpet/-IBdXOZagLA.wav,178,"[{""start"": 8.91149751231384, ""end"": 422.3274908009602, ""labels"": [""Usable""]}]",1,178,2022-02-08T13:55:16.952499Z,2022-02-08T13:55:16.952645Z,19.671
http://localhost:8081/Oboe/2nE1vDXAcW8.wav,177,"[{""start"": 3.39810890168033, ""end"": 370.733681173324, ""labels"": [""Usable""]}]",1,177,2022-02-08T13:54:56.084757Z,2022-02-08T13:54:56.084904Z,18.507
http://localhost:8081/Oboe/y2MFDfND2Gw.wav,176,"[{""start"": 2.1102090653111123, ""end"": 75.47514423596056, ""labels"": [""Borderline""]}]",1,176,2022-02-08T13:54:36.513931Z,2022-02-08T13:54:36.514082Z,24.692
http://localhost:8081/Oboe/R1oaXBJYkWE.wav,175,"[{""start"": -1.0014656375370663, ""end"": 364.5334920634921, ""labels"": [""Usable""]}]",1,175,2022-02-08T13:54:10.590131Z,2022-02-08T13:54:10.590281Z,22.356
http://localhost:8081/Oboe/eM4Dab0hbB8.wav,174,"[{""start"": 13.710107398270662, ""end"": 182.07691410630184, ""labels"": [""Borderline""]}]",1,174,2022-02-08T13:53:47.164707Z,2022-02-08T13:53:47.164856Z,22.84
http://localhost:8081/Oboe/CTo7eU-vSN8.wav,173,"[{""start"": 11.496918259367238, ""end"": 58.58228701004211, ""labels"": [""Usable""]}]",1,173,2022-02-08T13:53:23.323792Z,2022-02-08T13:53:23.324002Z,9.043
http://localhost:8081/Oboe/UzzkjrfdSdE.wav,172,"[{""start"": 21.298407714734246, ""end"": 165.18098427649448, ""labels"": [""Usable""]}]",1,172,2022-02-08T13:53:13.202749Z,2022-02-08T13:53:13.202893Z,13.949
http://localhost:8081/Oboe/iR9C2gR69ig.wav,171,"[{""start"": 1.4441450914920304, ""end"": 393.1685011587053, ""labels"": [""Borderline""]}]",1,171,2022-02-08T13:52:58.101816Z,2022-02-08T13:52:58.101964Z,16.283
http://localhost:8081/Oboe/q-vsfKEUOWQ.wav,170,"[{""start"": 0.6027300590565897, ""end"": 70.98820695555389, ""labels"": [""Borderline""]}]",1,170,2022-02-08T13:52:40.773295Z,2022-02-08T13:52:40.773440Z,17.045
http://localhost:8081/Oboe/fkkCiJGeBoU.wav,169,"[{""start"": 0.9065988886397052, ""end"": 50.91268495676659, ""labels"": [""Usable""]}]",1,169,2022-02-08T13:52:22.682979Z,2022-02-08T13:52:22.683127Z,30.04
http://localhost:8081/Oboe/Am-Beu-ctv0.wav,168,"[{""start"": 6.950591479571072, ""end"": 37.354783085395326, ""labels"": [""Borderline""]}]",1,168,2022-02-08T13:51:51.640706Z,2022-02-08T13:51:51.640866Z,16.47
http://localhost:8081/Oboe/GYkyCy0NUr4.wav,167,,1,167,2022-02-08T13:51:34.055353Z,2022-02-08T13:51:34.055494Z,13.323
http://localhost:8081/Oboe/-25TnDTMy1s.wav,166,"[{""start"": 0.3269930976053425, ""end"": 356.74946948742866, ""labels"": [""Borderline""]}]",1,166,2022-02-08T13:51:19.600153Z,2022-02-08T13:51:19.600368Z,28.121
http://localhost:8081/Oboe/6DI9Afoaiz4.wav,165,"[{""start"": 5.304101068999029, ""end"": 321.48745923766336, ""labels"": [""Borderline""]}]",1,165,2022-02-08T13:50:50.280579Z,2022-02-08T13:50:50.280723Z,17.784
http://localhost:8081/Oboe/AtCyFMoCjjk.wav,164,"[{""start"": 3.4372549899080513, ""end"": 410.9429299045626, ""labels"": [""Usable""]}]",1,164,2022-02-08T13:50:31.372234Z,2022-02-08T13:50:31.372388Z,11.927
http://localhost:8081/Oboe/byUf3v8_3DA.wav,163,"[{""start"": 1.1242965953170034, ""end"": 613.3037927454254, ""labels"": [""Usable""]}]",1,163,2022-02-08T13:50:18.238835Z,2022-02-08T13:50:18.238978Z,33.423
http://localhost:8081/Oboe/BoxMI2VUxGg.wav,162,"[{""start"": 11.251152475642272, ""end"": 74.40762170558088, ""labels"": [""Borderline""]}]",1,162,2022-02-08T13:49:43.810947Z,2022-02-08T13:49:43.811120Z,25.281
http://localhost:8081/Oboe/v8OdWUvLa10.wav,161,,1,161,2022-02-08T13:49:17.445321Z,2022-02-08T13:49:17.445500Z,9.544
http://localhost:8081/Oboe/DKFd4Tglop4.wav,160,,1,160,2022-02-08T13:49:06.888513Z,2022-02-08T13:49:06.888665Z,5.338
http://localhost:8081/Oboe/zaaiYBTNl_Y.wav,159,,1,159,2022-02-08T13:49:00.444980Z,2022-02-08T13:49:00.445130Z,11.223
http://localhost:8081/Oboe/Nfw7UbPu4Bg.wav,158,"[{""start"": 10.634827606256177, ""end"": 140.57912742019886, ""labels"": [""Usable""]}, {""start"": 146.89355631141345, ""end"": 217.01695084016512, ""labels"": [""Usable""]}, {""start"": 227.6517784464213, ""end"": 244.2686965811966, ""labels"": [""Usable""]}, {""start"": 251.5801405604977, ""end"": 362.9134920634921, ""labels"": [""Usable""]}]",1,158,2022-02-08T13:48:48.004173Z,2022-02-08T13:48:48.004319Z,73.734
http://localhost:8081/Oboe/jGOU2OFKazM.wav,157,"[{""start"": 14.47436507936508, ""end"": 154.39322751322752, ""labels"": [""Usable""]}, {""start"": 207.12127173091463, ""end"": 334.97816326530614, ""labels"": [""Usable""]}]",1,157,2022-02-08T13:47:33.167985Z,2022-02-08T13:47:33.168146Z,15.532
http://localhost:8081/Oboe/Xq8XSdsst7I.wav,156,"[{""start"": 1.2898557225087839, ""end"": 69.71670180159977, ""labels"": [""Borderline""]}]",1,156,2022-02-08T13:47:16.640465Z,2022-02-08T13:47:16.640625Z,9.287
http://localhost:8081/Oboe/oI0SVRCy_ls.wav,155,"[{""start"": 2.3889123121776183, ""end"": 289.58925917619797, ""labels"": [""Usable""]}]",1,155,2022-02-08T13:47:06.267378Z,2022-02-08T13:47:06.267521Z,26.154
http://localhost:8081/Oboe/Sk97ni7cytg.wav,154,"[{""start"": 106.4009768009768, ""end"": 275.88253270538985, ""labels"": [""Usable""]}]",1,154,2022-02-08T13:46:39.007555Z,2022-02-08T13:46:39.007703Z,24.584
http://localhost:8081/Oboe/qNqZuJ3IYqc.wav,153,,1,153,2022-02-08T13:46:13.425820Z,2022-02-08T13:46:13.425962Z,31.144
http://localhost:8081/Oboe/BzNtmZigskI.wav,152,"[{""start"": 6.647951770451771, ""end"": 345.3769229315658, ""labels"": [""Usable""]}]",1,152,2022-02-08T13:45:41.143094Z,2022-02-08T13:45:41.143246Z,37.371
http://localhost:8081/Oboe/7hZG4v0UsH4.wav,151,"[{""start"": 2.092942945187843, ""end"": 45.99717790901464, ""labels"": [""Usable""]}]",1,151,2022-02-08T13:45:02.834032Z,2022-02-08T13:45:02.834176Z,10.191
http://localhost:8081/Oboe/GB5aU875dwQ.wav,150,"[{""start"": 22.444255064663228, ""end"": 167.08500992582623, ""labels"": [""Usable""]}]",1,150,2022-02-08T13:44:51.651977Z,2022-02-08T13:44:51.652127Z,17.249
http://localhost:8081/Oboe/O97rrxsxN-E.wav,149,,1,149,2022-02-08T13:44:33.321072Z,2022-02-08T13:44:33.321218Z,9.012
http://localhost:8081/Oboe/VZVTAskHa4A.wav,148,"[{""start"": 7.516120704692133, ""end"": 585.7205492013655, ""labels"": [""Usable""]}]",1,148,2022-02-08T13:44:23.157033Z,2022-02-08T13:44:23.157180Z,13.017
http://localhost:8081/Oboe/Zbae0Xmt-3g.wav,147,"[{""start"": 3.8221015756730043, ""end"": 419.6667530088958, ""labels"": [""Usable""]}]",1,147,2022-02-08T13:44:09.025618Z,2022-02-08T13:44:09.025757Z,24.128
http://localhost:8081/Oboe/J35NN2jixOw.wav,146,"[{""start"": 1.4077841734984593, ""end"": 52.993018530977714, ""labels"": [""Usable""]}]",1,146,2022-02-08T13:43:36.774493Z,2022-02-08T13:43:36.774642Z,12.676
http://localhost:8081/Oboe/tNDmA-RzBg4.wav,145,"[{""start"": 2.4787620542722584, ""end"": 81.94937579427376, ""labels"": [""Borderline""]}]",1,145,2022-02-08T13:43:23.012391Z,2022-02-08T13:43:23.012531Z,15.611
http://localhost:8081/Oboe/vwKXyfeVRVE.wav,144,"[{""start"": 0, ""end"": 310.83926008987237, ""labels"": [""Borderline""]}]",1,144,2022-02-08T13:43:06.274162Z,2022-02-08T13:43:06.274303Z,12.575
http://localhost:8081/Oboe/fxZZuo-68kY.wav,143,"[{""start"": 17.545190563404848, ""end"": 155.49855165998022, ""labels"": [""Usable""]}, {""start"": 193.34111954183382, ""end"": 314.09331341938486, ""labels"": [""Usable""]}]",1,143,2022-02-08T13:42:52.470390Z,2022-02-08T13:42:52.470561Z,27.922
http://localhost:8081/Oboe/sl54jflBpBk.wav,142,"[{""start"": 19.8921119998671, ""end"": 39.91772810711586, ""labels"": [""Usable""]}, {""start"": 47.66096633525205, ""end"": 68.62111119417241, ""labels"": [""Usable""]}, {""start"": 73.29375495253046, ""end"": 87.97920676451288, ""labels"": [""Usable""]}, {""start"": 97.05748606646566, ""end"": 141.7813620393212, ""labels"": [""Usable""]}]",1,142,2022-02-08T13:42:23.388052Z,2022-02-08T13:42:23.388282Z,68.377
http://localhost:8081/Oboe/0T966F09Q_8.wav,141,,1,141,2022-02-08T13:41:13.843868Z,2022-02-08T13:41:13.844045Z,30.397
http://localhost:8081/Oboe/ueGak0TFVEU.wav,140,"[{""start"": 2.5013759936208917, ""end"": 455.6673268379391, ""labels"": [""Borderline""]}]",1,140,2022-02-08T13:40:42.231687Z,2022-02-08T13:40:42.231828Z,55.471
http://localhost:8081/Oboe/4qO672SnK3o.wav,139,,1,139,2022-02-08T13:39:45.622294Z,2022-02-08T13:39:45.622442Z,9.403
http://localhost:8081/Oboe/52YP_P8T7qc.wav,138,"[{""start"": 1.9133923068616945, ""end"": 54.12886131253478, ""labels"": [""Usable""]}]",1,138,2022-02-08T13:39:35.148738Z,2022-02-08T13:39:35.148887Z,16.238
http://localhost:8081/Oboe/gXWZCtjgDms.wav,137,"[{""start"": 2.026685272399558, ""end"": 67.00728181871038, ""labels"": [""Usable""]}]",1,137,2022-02-08T13:39:17.837288Z,2022-02-08T13:39:17.837433Z,19.859
http://localhost:8081/Oboe/gFvVvfA8PVk.wav,136,"[{""start"": 1.023113989185418, ""end"": 372.07245406709694, ""labels"": [""Usable""]}]",1,136,2022-02-08T13:38:56.731398Z,2022-02-08T13:38:56.731549Z,33.553
http://localhost:8081/Oboe/kLukFBD0Ivg.wav,135,"[{""start"": 6.443792579302783, ""end"": 413.5398649423139, ""labels"": [""Borderline""]}]",1,135,2022-02-08T13:38:21.956959Z,2022-02-08T13:38:21.957214Z,40.044
http://localhost:8081/Oboe/JnK9F4nBOB8.wav,134,"[{""start"": 107.07025159270057, ""end"": 152.29940611165102, ""labels"": [""Usable""]}, {""start"": 4.467076989525969, ""end"": 48.43986610517223, ""labels"": [""Usable""]}, {""start"": 50.95259691178058, ""end"": 106.51186696900982, ""labels"": [""Usable""]}]",1,134,2022-02-08T13:37:40.802737Z,2022-02-08T13:37:40.802915Z,33.917
http://localhost:8081/Oboe/IZLowMeesFI.wav,133,,1,133,2022-02-08T13:37:05.818376Z,2022-02-08T13:37:05.818523Z,5.144
http://localhost:8081/Oboe/kJwQt63Jds8.wav,132,,1,132,2022-02-08T13:36:59.431477Z,2022-02-08T13:36:59.431627Z,4.402
http://localhost:8081/Oboe/393P8zRug8I.wav,131,"[{""start"": 1.1602535031106458, ""end"": 180.66804548437202, ""labels"": [""Usable""]}]",1,131,2022-02-08T13:36:53.928385Z,2022-02-08T13:36:53.928527Z,9.317
http://localhost:8081/Oboe/y1NVH5Uu_4o.wav,130,,1,130,2022-02-08T13:36:20.515523Z,2022-02-08T13:36:20.515674Z,33.791
http://localhost:8081/Oboe/oReNgmDQdj4.wav,129,"[{""start"": -0.2708782072047378, ""end"": 292.8193419883216, ""labels"": [""Usable""]}]",1,129,2022-02-08T13:35:45.546227Z,2022-02-08T13:35:45.546369Z,11.421
http://localhost:8081/Clarinet/a0el7aaC00M.wav,128,"[{""start"": 4.360375769355361, ""end"": 58.27047619047619, ""labels"": [""Usable""]}, {""start"": 63.02724975704568, ""end"": 125.65810171687724, ""labels"": [""Usable""]}, {""start"": 126.8472951085196, ""end"": 170.84745059928733, ""labels"": [""Usable""]}, {""start"": 172.0366439909297, ""end"": 217.2259928733398, ""labels"": [""Usable""]}, {""start"": 220.00077745383865, ""end"": 247.74862325882734, ""labels"": [""Usable""]}, {""start"": 249.33421444768382, ""end"": 293.7307677356657, ""labels"": [""Usable""]}, {""start"": 297.69474570780693, ""end"": 397.9833884029802, ""labels"": [""Usable""]}, {""start"": 400.361775186265, ""end"": 432.469996760609, ""labels"": [""Usable""]}]",1,128,2022-02-08T13:35:32.856825Z,2022-02-08T13:35:32.856977Z,80.093
http://localhost:8081/Clarinet/x7yiHwxutnQ.wav,127,"[{""start"": 1.1673768408462286, ""end"": 69.80913508260447, ""labels"": [""Usable""]}]",1,127,2022-02-08T13:34:11.712012Z,2022-02-08T13:34:11.712156Z,13.862
http://localhost:8081/Clarinet/Q8hj8eYK6gc.wav,126,"[{""start"": 26.401290440474114, ""end"": 279.64862010249766, ""labels"": [""Usable""]}]",1,126,2022-02-08T13:33:56.678790Z,2022-02-08T13:33:56.678936Z,17.156
http://localhost:8081/Clarinet/WnUAJsk97k4.wav,125,"[{""start"": -0.11684400255828828, ""end"": 127.35996278853422, ""labels"": [""Usable""]}]",1,125,2022-02-08T13:33:38.493474Z,2022-02-08T13:33:38.493617Z,13.059
http://localhost:8081/Clarinet/YYsq62f_eAg.wav,124,"[{""start"": 0.9390047594129227, ""end"": 44.500660337395026, ""labels"": [""Usable""]}]",1,124,2022-02-08T13:33:24.387842Z,2022-02-08T13:33:24.388021Z,9.541
http://localhost:8081/Clarinet/0LzT3uYOrDI.wav,123,"[{""start"": 4.272088908823602, ""end"": 308.44481921706415, ""labels"": [""Usable""]}]",1,123,2022-02-08T13:33:13.664277Z,2022-02-08T13:33:13.664432Z,13.324
http://localhost:8081/Clarinet/d-HtHaVETac.wav,122,,1,122,2022-02-08T13:32:59.373638Z,2022-02-08T13:32:59.373783Z,5.312
http://localhost:8081/Clarinet/X3GbAKww1KI.wav,121,"[{""start"": 0.7374249333433007, ""end"": 65.75372322311097, ""labels"": [""Usable""]}]",1,121,2022-02-08T13:32:53.041081Z,2022-02-08T13:32:53.041229Z,35.922
http://localhost:8081/Clarinet/z5tIPscghnM.wav,120,"[{""start"": 3.32343043200186, ""end"": 129.1390110720723, ""labels"": [""Usable""]}, {""start"": 134.59893249607535, ""end"": 186.82426785610457, ""labels"": [""Usable""]}, {""start"": 191.57202561610725, ""end"": 213.8864870881197, ""labels"": [""Usable""]}, {""start"": 220.05857217612316, ""end"": 258.990185808145, ""labels"": [""Usable""]}]",1,120,2022-02-08T10:59:50.969738Z,2022-02-08T10:59:50.969891Z,75.226
http://localhost:8081/Clarinet/6ZWpAEkpwLE.wav,119,"[{""start"": 0.24610600284069672, ""end"": 44.58620418130622, ""labels"": [""Borderline""]}]",1,119,2022-02-08T10:58:34.765773Z,2022-02-08T10:58:34.765914Z,19.27
http://localhost:8081/Clarinet/AgprSCu5TSA.wav,118,,1,118,2022-02-08T10:58:14.497149Z,2022-02-08T10:58:14.497300Z,5.392
http://localhost:8081/Clarinet/aACYBGNq1LA.wav,117,,1,117,2022-02-08T10:58:08.035948Z,2022-02-08T10:58:08.036179Z,58.578
http://localhost:8081/Clarinet/0EwC0ZOQOWg.wav,116,,1,116,2022-02-08T10:57:08.458303Z,2022-02-08T10:57:08.458462Z,13.042
http://localhost:8081/Clarinet/VbKND1yzpF0.wav,115,,1,115,2022-02-08T10:56:54.349587Z,2022-02-08T10:56:54.349737Z,38.271
http://localhost:8081/Clarinet/7RMr7K3ywZM.wav,114,,1,114,2022-02-08T10:56:15.111422Z,2022-02-08T10:56:15.111644Z,8.753
http://localhost:8081/Clarinet/NPzOaUZUqao.wav,113,"[{""start"": 1.8068824599436846, ""end"": 33.67371857167775, ""labels"": [""Usable""]}]",1,113,2022-02-08T10:56:05.381320Z,2022-02-08T10:56:05.381467Z,5.322
http://localhost:8081/Clarinet/qcPxLfJIT3s.wav,112,"[{""start"": 1.856118545098137, ""end"": 184.0932120638243, ""labels"": [""Borderline""]}]",1,112,2022-02-08T10:55:12.760762Z,2022-02-08T10:55:55.858525Z,551.516
http://localhost:8081/Clarinet/_kGCx15M0ms.wav,111,"[{""start"": 2.5762029353866085, ""end"": 66.91844210211556, ""labels"": [""Usable""]}]",1,111,2022-02-08T10:54:24.895056Z,2022-02-08T10:54:24.895197Z,24.433
http://localhost:8081/Clarinet/Xg-MBWMDe6Q.wav,110,"[{""start"": 26.193469720000333, ""end"": 331.3473919580042, ""labels"": [""Usable""]}]",1,110,2022-02-08T10:53:59.356426Z,2022-02-08T10:53:59.356687Z,20.468
http://localhost:8081/Clarinet/4bBZjqKqbZc.wav,109,"[{""start"": 247.74028789049194, ""end"": 298.2881941641125, ""labels"": [""Borderline""]}]",1,109,2022-02-08T10:53:37.744483Z,2022-02-08T10:53:37.744626Z,31.358
http://localhost:8081/Clarinet/0u8gQg5BXZ8.wav,108,"[{""start"": 0.3832993612585449, ""end"": 418.17960313307253, ""labels"": [""Usable""]}]",1,108,2022-02-08T10:53:05.350938Z,2022-02-08T10:53:05.351083Z,19.649
http://localhost:8081/Clarinet/Z2AzriAJGCY.wav,107,"[{""start"": 0.6149885790702118, ""end"": 335.1687755932654, ""labels"": [""Borderline""]}]",1,107,2022-02-08T10:52:44.634795Z,2022-02-08T10:52:44.634927Z,26.319
http://localhost:8081/Clarinet/H3QO6crfDeI.wav,106,"[{""start"": 0.4016180342710955, ""end"": 16.80369855390264, ""labels"": [""Usable""]}]",1,106,2022-02-08T10:52:17.321838Z,2022-02-08T10:52:17.321994Z,15.41
http://localhost:8081/Clarinet/w4i4erpXY_c.wav,105,"[{""start"": 1.823787097256485, ""end"": 10.091621938152551, ""labels"": [""Borderline""]}]",1,105,2022-02-08T10:51:41.181069Z,2022-02-08T10:51:57.111360Z,312.792
http://localhost:8081/Clarinet/BByuG-mcNc8.wav,104,"[{""start"": 2.6819047619047622, ""end"": 67.49460317460317, ""labels"": [""Usable""]}]",1,104,2022-02-08T10:51:21.115557Z,2022-02-08T10:51:21.115713Z,136.921
http://localhost:8081/Clarinet/ENt0yLlqizs.wav,103,"[{""start"": 1.5089355693437325, ""end"": 28.46164677348351, ""labels"": [""Usable""]}]",1,103,2022-02-08T10:49:03.074944Z,2022-02-08T10:49:03.075095Z,41.159
http://localhost:8081/Clarinet/cBofHRtHqRw.wav,102,,1,102,2022-02-08T10:48:20.809560Z,2022-02-08T10:48:20.809712Z,15.137
http://localhost:8081/Clarinet/dKg0OEzVGZA.wav,101,"[{""start"": 0.5120085054778932, ""end"": 270.0844866395887, ""labels"": [""Usable""]}]",1,101,2022-02-08T10:48:04.568902Z,2022-02-08T10:48:04.569133Z,41.437
http://localhost:8081/Clarinet/QRbAMpz3Wus.wav,100,"[{""start"": 205.44420489563348, ""end"": 362.50193682356945, ""labels"": [""Borderline""]}]",1,100,2022-02-08T10:47:22.044931Z,2022-02-08T10:47:22.045155Z,35.39
http://localhost:8081/Clarinet/4lXPdLFslJo.wav,99,"[{""start"": 12.114632536775394, ""end"": 388.73717934182224, ""labels"": [""Usable""]}]",1,99,2022-02-08T10:39:46.171160Z,2022-02-08T10:39:46.171300Z,15.002
http://localhost:8081/Clarinet/KQB9_x4gkAk.wav,98,"[{""start"": 197.74062345817447, ""end"": 349.9386230096434, ""labels"": [""Usable""]}]",1,98,2022-02-08T10:39:29.931021Z,2022-02-08T10:39:29.931189Z,38.689
http://localhost:8081/Clarinet/PhfEbohIrvM.wav,97,"[{""start"": 19.26286611347836, ""end"": 44.56087912087912, ""labels"": [""Usable""]}]",1,97,2022-02-08T10:38:50.203280Z,2022-02-08T10:38:50.203683Z,39.87
http://localhost:8081/Clarinet/QXB_-TKd_DE.wav,96,"[{""start"": 0.9637733298447585, ""end"": 351.13474984010696, ""labels"": [""Borderline""]}]",1,96,2022-02-08T10:38:09.077703Z,2022-02-08T10:38:09.077844Z,29.569
http://localhost:8081/Clarinet/5-qPKGx1KHk.wav,95,"[{""start"": 1.0898068824599438, ""end"": 49.54080453182494, ""labels"": [""Borderline""]}]",1,95,2022-02-08T10:37:38.496907Z,2022-02-08T10:37:38.497053Z,15.316
http://localhost:8081/Clarinet/PwgKYbfpVtI.wav,94,"[{""start"": 0.3357083260654689, ""end"": 240.36716146287577, ""labels"": [""Usable""]}, {""start"": 245.73849467992324, ""end"": 366.59349206349214, ""labels"": [""Usable""]}]",1,94,2022-02-08T10:37:22.075443Z,2022-02-08T10:37:22.075593Z,28.469
http://localhost:8081/Clarinet/R9vWT8CzTwU.wav,93,"[{""start"": 7.4236903308331605, ""end"": 363.7608262108263, ""labels"": [""Usable""]}]",1,93,2022-02-08T10:36:52.446676Z,2022-02-08T10:36:52.446820Z,99.037
http://localhost:8081/Clarinet/RsAIbDuxIUk.wav,92,"[{""start"": 2.874171089681294, ""end"": 23.777233560090703, ""labels"": [""Usable""]}]",1,92,2022-02-08T10:35:12.383548Z,2022-02-08T10:35:12.383692Z,16.866
http://localhost:8081/Clarinet/472KbWLCAb8.wav,91,"[{""start"": 5.975523493890841, ""end"": 321.7819401460218, ""labels"": [""Borderline""]}]",1,91,2022-02-08T10:34:54.460208Z,2022-02-08T10:34:54.460352Z,22.0
http://localhost:8081/Clarinet/gS52OYKwLB0.wav,90,,1,90,2022-02-08T10:34:31.470939Z,2022-02-08T10:34:31.471116Z,5.726
http://localhost:8081/Clarinet/be_mQelli5w.wav,89,"[{""start"": 3.5797323764670703, ""end"": 21.81836884204231, ""labels"": [""Usable""]}]",1,89,2022-02-08T10:34:24.782688Z,2022-02-08T10:34:24.782837Z,24.396
http://localhost:8081/Clarinet/hK3aJa05450.wav,88,"[{""start"": 1.7223592733796815, ""end"": 26.09852732301712, ""labels"": [""Usable""]}]",1,88,2022-02-08T10:33:59.415978Z,2022-02-08T10:33:59.416127Z,9.678
http://localhost:8081/Clarinet/4tNWjh4s2qQ.wav,87,"[{""start"": 5.303463158157036, ""end"": 262.2803598215843, ""labels"": [""Usable""]}]",1,87,2022-02-08T10:33:48.656837Z,2022-02-08T10:33:48.656986Z,22.185
http://localhost:8081/Clarinet/byMsmzvTvLc.wav,86,"[{""start"": 3.7590810096932543, ""end"": 33.37804689641424, ""labels"": [""Usable""]}]",1,86,2022-02-08T10:33:25.523818Z,2022-02-08T10:33:25.523970Z,12.578
http://localhost:8081/Clarinet/Qtsz5LWf-8w.wav,85,"[{""start"": 2.962659955313017, ""end"": 29.47993321870873, ""labels"": [""Usable""]}]",1,85,2022-02-08T10:33:11.954853Z,2022-02-08T10:33:11.954998Z,19.682
http://localhost:8081/Clarinet/SJ15dBCpoKM.wav,84,"[{""start"": 2.924055717525105, ""end"": 70.78934888241011, ""labels"": [""Borderline""]}]",1,84,2022-02-08T10:32:51.252400Z,2022-02-08T10:32:51.252546Z,21.517
http://localhost:8081/Bassoon/AbIefEf-mHw.wav,83,,1,83,2022-02-08T10:32:28.693608Z,2022-02-08T10:32:28.693750Z,4.367
http://localhost:8081/Bassoon/78LFB7yRSfw.wav,82,,1,82,2022-02-08T10:32:23.304589Z,2022-02-08T10:32:23.304736Z,14.486
http://localhost:8081/Bassoon/WXOI8lVpv9U.wav,81,,1,81,2022-02-08T10:32:07.682607Z,2022-02-08T10:32:07.682751Z,13.196
http://localhost:8081/Bassoon/VBg8t8i_FXY.wav,80,"[{""start"": 13.756867405081689, ""end"": 305.9973479562765, ""labels"": [""Usable""]}, {""start"": 331.28023940345366, ""end"": 405.64168483632767, ""labels"": [""Usable""]}]",1,80,2022-02-08T10:31:53.387243Z,2022-02-08T10:31:53.387382Z,46.297
http://localhost:8081/Bassoon/v807cm50DMA.wav,79,"[{""start"": -0.433579859294145, ""end"": 473.0356264899122, ""labels"": [""Borderline""]}]",1,79,2022-02-08T10:31:06.000042Z,2022-02-08T10:31:06.000243Z,19.949
http://localhost:8081/Bassoon/NCw1l0xdDAY.wav,78,,1,78,2022-02-08T10:30:44.967821Z,2022-02-08T10:30:44.967970Z,15.531
http://localhost:8081/Bassoon/GRa2jui1uVU.wav,77,,1,77,2022-02-08T10:30:28.469303Z,2022-02-08T10:30:28.469445Z,29.23
http://localhost:8081/Bassoon/_rEjpyR84-U.wav,76,"[{""start"": 6.925798011512259, ""end"": 340.6233385661956, ""labels"": [""Usable""]}]",1,76,2022-02-08T10:29:58.105141Z,2022-02-08T10:29:58.105280Z,13.971
http://localhost:8081/Bassoon/rFul69M_Ekw.wav,75,"[{""start"": 4.805935228792372, ""end"": 375.54951002134675, ""labels"": [""Borderline""]}]",1,75,2022-02-08T10:29:43.037333Z,2022-02-08T10:29:43.037474Z,26.141
http://localhost:8081/Bassoon/i2ymT9FZbsI.wav,74,"[{""start"": 1.0204978694774614, ""end"": 218.5906436420722, ""labels"": [""Borderline""]}]",1,74,2022-02-08T10:29:15.826023Z,2022-02-08T10:29:15.826161Z,36.437
http://localhost:8081/Bassoon/XP6EIvVrmLs.wav,73,"[{""start"": 6.911551336041132, ""end"": 375.9883926806376, ""labels"": [""Usable""]}]",1,73,2022-02-08T10:28:38.271428Z,2022-02-08T10:28:38.271577Z,17.427
http://localhost:8081/Bassoon/Hb_UTQsnFqA.wav,72,"[{""start"": 5.166439909297052, ""end"": 172.3868783068783, ""labels"": [""Borderline""]}]",1,72,2022-02-08T10:28:19.758331Z,2022-02-08T10:28:19.758483Z,30.245
http://localhost:8081/Bassoon/C1Ms4wQNfis.wav,71,,1,71,2022-02-08T10:27:48.504997Z,2022-02-08T10:27:48.505141Z,13.414
http://localhost:8081/Bassoon/eZAUcEMFxhk.wav,70,"[{""start"": 1.832781640128579, ""end"": 216.67551834408977, ""labels"": [""Borderline""]}]",1,70,2022-02-08T10:27:34.072870Z,2022-02-08T10:27:34.073013Z,15.533
http://localhost:8081/Bassoon/4mKABLySoaA.wav,69,"[{""start"": 6.250962846677133, ""end"": 82.15551169918517, ""labels"": [""Usable""]}, {""start"": 94.95510229000026, ""end"": 323.56174353990684, ""labels"": [""Usable""]}]",1,69,2022-02-08T10:27:17.381891Z,2022-02-08T10:27:17.382033Z,23.724
http://localhost:8081/Bassoon/UPgJFfqoy68.wav,67,,1,67,2022-02-08T10:26:48.737351Z,2022-02-08T10:26:48.737493Z,4.016
http://localhost:8081/Bassoon/YreSo0ephV8.wav,66,,1,66,2022-02-08T10:26:43.644909Z,2022-02-08T10:26:43.645057Z,6.041
http://localhost:8081/Bassoon/C9elXZLgTtk.wav,65,"[{""start"": -0.45405089996926734, ""end"": 494.9154809665014, ""labels"": [""Usable""]}]",1,65,2022-02-08T10:26:36.530440Z,2022-02-08T10:26:36.530590Z,46.375
http://localhost:8081/Bassoon/mXm8vWa9GXA.wav,64,,1,64,2022-02-08T10:25:49.122581Z,2022-02-08T10:25:49.122719Z,16.171
http://localhost:8081/Bassoon/En3ZQDepsno.wav,62,"[{""start"": 8.007078152384276, ""end"": 226.516026679292, ""labels"": [""Usable""]}]",1,62,2022-02-08T10:24:45.839852Z,2022-02-08T10:24:45.840009Z,15.672
http://localhost:8081/Bassoon/EbqdFn9dNvM.wav,61,"[{""start"": 11.474346847408071, ""end"": 304.48998463365814, ""labels"": [""Usable""]}]",1,61,2022-02-08T10:24:29.055155Z,2022-02-08T10:24:29.055311Z,24.442
http://localhost:8081/Bassoon/02DPGPi0wm0.wav,60,"[{""start"": 4.0801628001628, ""end"": 196.43069480783768, ""labels"": [""Borderline""]}, {""start"": 0, ""end"": 635.3396360253503, ""labels"": [""Borderline""]}]",1,60,2022-02-08T10:24:03.330370Z,2022-02-08T10:24:03.330517Z,17.002
http://localhost:8081/Bassoon/I7dgMp-SUUs.wav,59,,1,59,2022-02-08T10:23:45.217876Z,2022-02-08T10:23:45.218021Z,19.581
http://localhost:8081/Bassoon/lniM27xD4pM.wav,58,"[{""start"": 7.577955528975938, ""end"": 412.99857632918855, ""labels"": [""Usable""]}]",1,58,2022-02-08T10:23:24.489512Z,2022-02-08T10:23:24.489652Z,23.871
http://localhost:8081/Bassoon/QKaiawzDXXE.wav,57,,1,57,2022-02-08T10:22:59.583050Z,2022-02-08T10:22:59.583195Z,6.56
http://localhost:8081/Bassoon/sFUSjtNf1v0.wav,56,,1,56,2022-02-08T10:22:51.980916Z,2022-02-08T10:22:51.981059Z,6.801
http://localhost:8081/Bassoon/DkZ9jpHVCMI.wav,55,,1,55,2022-02-08T10:22:44.116416Z,2022-02-08T10:22:44.116561Z,12.207
http://localhost:8081/Bassoon/RfF6VRTmd0Q.wav,54,"[{""start"": 6.171255803908865, ""end"": 353.7103984450923, ""labels"": [""Borderline""]}]",1,54,2022-02-08T10:22:30.865910Z,2022-02-08T10:22:30.866049Z,10.234
http://localhost:8081/Bassoon/FpcApoUhzIw.wav,53,,1,53,2022-02-08T10:22:19.653934Z,2022-02-08T10:22:19.654075Z,7.44
http://localhost:8081/Bassoon/5w35MH2IP28.wav,52,"[{""start"": 3.3755052204031797, ""end"": 241.68617378086765, ""labels"": [""Usable""]}, {""start"": 2.475370494962332, ""end"": 243.48644323174938, ""labels"": [""Usable""]}]",1,52,2022-02-08T10:22:11.076524Z,2022-02-08T10:22:11.076744Z,13.71
http://localhost:8081/Bassoon/iJzm4dXWgtE.wav,51,"[{""start"": 1.8097743224273835, ""end"": 75.24484779015391, ""labels"": [""Usable""]}]",1,51,2022-02-08T10:21:56.385471Z,2022-02-08T10:21:56.385669Z,17.245
http://localhost:8081/Bassoon/6xkQSMRUIwI.wav,50,"[{""start"": 2.4036905800171104, ""end"": 90.42849733788509, ""labels"": [""Usable""]}]",1,50,2022-02-08T10:21:38.168423Z,2022-02-08T10:21:38.168569Z,13.145
http://localhost:8081/Bassoon/Z5Su2HfobMM.wav,49,,1,49,2022-02-08T10:21:23.961153Z,2022-02-08T10:21:23.961299Z,12.481
http://localhost:8081/Bassoon/tnTNNoJxcv8.wav,48,"[{""start"": 3.4157999219223707, ""end"": 232.91485717608165, ""labels"": [""Usable""]}]",1,48,2022-02-08T10:21:10.401434Z,2022-02-08T10:21:10.401580Z,13.838
http://localhost:8081/Bassoon/NsCL6AtMNJ8.wav,47,"[{""start"": -0.5462807430664574, ""end"": 596.5385714285716, ""labels"": [""Borderline""]}]",1,47,2022-02-08T10:20:55.431859Z,2022-02-08T10:20:55.432013Z,15.56
http://localhost:8081/Bassoon/Q-epTZknkqI.wav,46,"[{""start"": 6.342173382173383, ""end"": 328.58498284783997, ""labels"": [""Borderline""]}]",1,46,2022-02-08T10:20:38.748004Z,2022-02-08T10:20:38.748251Z,24.645
http://localhost:8081/Bassoon/A9e8sVGmwz4.wav,45,"[{""start"": 2.867536816924572, ""end"": 192.6626298871197, ""labels"": [""Borderline""]}]",1,45,2022-02-08T10:20:13.027550Z,2022-02-08T10:20:13.027696Z,38.448
http://localhost:8081/Bassoon/gGHMniGg0qM.wav,44,"[{""start"": 1.299169220801874, ""end"": 233.20087513393636, ""labels"": [""Borderline""]}]",1,44,2022-02-08T10:19:08.758900Z,2022-02-08T10:19:31.769984Z,207.226
http://localhost:8081/Trombone/OwRFnXpeVbs.wav,43,"[{""start"": 1.7857250836842722, ""end"": 148.62727234972135, ""labels"": [""Usable""]}]",1,43,2022-02-08T10:18:49.132781Z,2022-02-08T10:18:49.132927Z,20.377
http://localhost:8081/Trombone/2Nnux-Uhr-s.wav,42,"[{""start"": 11.438379307767063, ""end"": 51.09142757469288, ""labels"": [""Usable""]}, {""start"": 77.39969998255714, ""end"": 142.21718272657048, ""labels"": [""Usable""]}, {""start"": 232.9616585681892, ""end"": 286.3407620044355, ""labels"": [""Usable""]}]",1,42,2022-02-08T10:18:27.608052Z,2022-02-08T10:18:27.608195Z,88.662
http://localhost:8081/Trombone/lZmGCTRaJWI.wav,41,"[{""start"": 0.6614072246725308, ""end"": 360.79764105886557, ""labels"": [""Borderline""]}]",1,41,2022-02-08T10:16:57.870718Z,2022-02-08T10:16:57.870865Z,41.925
http://localhost:8081/Trombone/JQJ0mJylOGo.wav,40,,1,40,2022-02-08T10:16:14.806440Z,2022-02-08T10:16:14.806581Z,8.012
http://localhost:8081/Trombone/kQmHz_oIQh8.wav,39,,1,39,2022-02-08T10:15:58.103396Z,2022-02-08T10:15:58.103541Z,3.359
http://localhost:8081/Trombone/LuB1Q4JAXYY.wav,38,"[{""start"": 9.424813735017816, ""end"": 260.0281943302352, ""labels"": [""Usable""]}]",1,38,2022-02-08T10:15:53.587289Z,2022-02-08T10:15:53.587426Z,30.527
http://localhost:8081/Trombone/yG1DzBXVxw8.wav,37,,1,37,2022-02-08T10:15:22.001362Z,2022-02-08T10:15:22.001510Z,6.445
http://localhost:8081/Trombone/OPJgBE4zrds.wav,36,"[{""start"": 1.4122920767818727, ""end"": 138.53301371342187, ""labels"": [""Usable""]}]",1,36,2022-02-08T10:15:14.490162Z,2022-02-08T10:15:14.490311Z,17.978
http://localhost:8081/Trombone/xHpSRAqDzEc.wav,35,"[{""start"": 10.463906705539358, ""end"": 217.93098004036779, ""labels"": [""Borderline""]}]",1,35,2022-02-08T10:14:55.354312Z,2022-02-08T10:14:55.354473Z,33.35
http://localhost:8081/Trombone/BfDiMuPuNTk.wav,34,,1,34,2022-02-08T10:14:20.848994Z,2022-02-08T10:14:20.849134Z,10.239
http://localhost:8081/Trombone/B4OYUfmzcTc.wav,33,,1,33,2022-02-08T10:14:09.697380Z,2022-02-08T10:14:09.697525Z,16.002
http://localhost:8081/Trombone/laq2CpGvdmY.wav,32,,1,32,2022-02-08T10:13:52.706584Z,2022-02-08T10:13:52.706728Z,10.534
http://localhost:8081/Trombone/Lb3IYryFqhg.wav,31,"[{""start"": 1.4527356241641955, ""end"": 197.20886098028956, ""labels"": [""Usable""]}]",1,31,2022-02-08T10:13:41.031891Z,2022-02-08T10:13:41.032026Z,28.835
http://localhost:8081/Trombone/wmyWpgA3IOM.wav,30,"[{""start"": 9.288279551136691, ""end"": 122.33343799058086, ""labels"": [""Usable""]}]",1,30,2022-02-08T10:13:11.140923Z,2022-02-08T10:13:11.141066Z,74.219
http://localhost:8081/Trombone/_77A5wGQLGU.wav,29,"[{""start"": 5.503575789290075, ""end"": 61.86019187162044, ""labels"": [""Usable""]}, {""start"": 75.50905982905982, ""end"": 104.56793999651143, ""labels"": [""Usable""]}, {""start"": 122.83981161695446, ""end"": 148.37640327926042, ""labels"": [""Usable""]}, {""start"": 164.22670155241585, ""end"": 239.29547531833245, ""labels"": [""Usable""]}]",1,29,2022-02-08T10:11:55.768202Z,2022-02-08T10:11:55.768346Z,52.131
http://localhost:8081/Trombone/wobcIuAg9-c.wav,28,,1,28,2022-02-08T10:11:02.549281Z,2022-02-08T10:11:02.549423Z,185.338
http://localhost:8081/Trombone/Pg9LvfTEpBA.wav,27,"[{""start"": 7.352613524042095, ""end"": 228.7713179337669, ""labels"": [""Usable""]}]",1,27,2022-02-08T10:07:56.047508Z,2022-02-08T10:07:56.047728Z,20.53
http://localhost:8081/Trombone/Bp1nNO6eyaA.wav,26,"[{""start"": 1.1415627154402666, ""end"": 72.18705406460509, ""labels"": [""Borderline""]}]",1,26,2022-02-08T10:07:34.432098Z,2022-02-08T10:07:34.432313Z,47.769
http://localhost:8081/Trombone/_W2VM3uinZA.wav,25,"[{""start"": 1.0568056282341967, ""end"": 113.8179661608233, ""labels"": [""Usable""]}]",1,25,2022-02-08T10:06:45.612534Z,2022-02-08T10:06:45.612686Z,45.099
http://localhost:8081/Trombone/w6rZk01h9ak.wav,24,"[{""start"": 16.59180583588747, ""end"": 278.4312416834866, ""labels"": [""Usable""]}]",1,24,2022-02-08T10:05:59.311716Z,2022-02-08T10:05:59.311867Z,64.94
http://localhost:8081/Trombone/VXCM7OqYr2s.wav,23,,1,23,2022-02-08T10:04:53.282218Z,2022-02-08T10:04:53.282362Z,9.855
http://localhost:8081/Trombone/WFeKh6RMMag.wav,22,"[{""start"": 1.0429842266576963, ""end"": 377.9079514589719, ""labels"": [""Usable""]}]",1,22,2022-02-08T10:04:42.205837Z,2022-02-08T10:04:42.205972Z,18.877
http://localhost:8081/Trombone/zO70rRweED4.wav,21,,1,21,2022-02-08T10:04:22.217682Z,2022-02-08T10:04:22.217826Z,183.43
http://localhost:8081/Trombone/OABlWfhFNR0.wav,20,"[{""start"": 1.4326414326414327, ""end"": 141.44078144078145, ""labels"": [""Usable""]}]",1,20,2022-02-08T10:01:17.680056Z,2022-02-08T10:01:17.680196Z,35.742
http://localhost:8081/Trombone/ZxLuL07Troc.wav,19,"[{""start"": 9.452307692307693, ""end"": 188.52102564102566, ""labels"": [""Usable""]}]",1,19,2022-02-08T10:00:40.879057Z,2022-02-08T10:00:40.879208Z,13.852
http://localhost:8081/Trombone/KrQEYrEoeZo.wav,18,"[{""start"": 11.648251974782587, ""end"": 225.12894271261618, ""labels"": [""Usable""]}]",1,18,2022-02-08T10:00:25.915824Z,2022-02-08T10:00:25.915965Z,74.074
http://localhost:8081/Trombone/HjcvteM65rU.wav,17,"[{""start"": 4.915103037552017, ""end"": 140.57194687398768, ""labels"": [""Borderline""]}, {""start"": 154.00656184329654, ""end"": 357.49182759795, ""labels"": [""Borderline""]}]",1,17,2022-02-08T09:58:35.176351Z,2022-02-08T09:59:08.101616Z,1051.808
http://localhost:8081/Trombone/zCCKnGy8d6Y.wav,16,"[{""start"": 11.50837939082837, ""end"": 171.2068495676659, ""labels"": [""Usable""]}]",1,16,2022-02-08T09:57:57.831004Z,2022-02-08T09:57:57.831144Z,27.611
http://localhost:8081/Trombone/lFOduNx2OU8.wav,15,"[{""start"": 10.022174711154316, ""end"": 406.2835440598706, ""labels"": [""Usable""]}]",1,15,2022-02-08T09:57:29.004229Z,2022-02-08T09:57:29.004365Z,50.59
http://localhost:8081/Trombone/2bYLzLsIWME.wav,14,"[{""start"": 1.1083062968777255, ""end"": 69.8232967032967, ""labels"": [""Usable""]}]",1,14,2022-02-08T09:56:37.404338Z,2022-02-08T09:56:37.404478Z,29.245
http://localhost:8081/Trombone/Rka-Gpys4bA.wav,13,,1,13,2022-02-08T09:56:07.197508Z,2022-02-08T09:56:07.197646Z,13.335
http://localhost:8081/Trombone/bEKjN9gJFcc.wav,12,"[{""start"": 9.616293306089224, ""end"": 128.97853396792172, ""labels"": [""Usable""]}]",1,12,2022-02-08T09:55:52.770738Z,2022-02-08T09:55:52.770904Z,39.187
http://localhost:8081/Trombone/mZNNWTrvGoA.wav,11,,1,11,2022-02-08T09:55:12.484992Z,2022-02-08T09:55:12.485138Z,15.968
http://localhost:8081/Trombone/UgERYVl589Y.wav,10,"[{""start"": 2.7251551169918518, ""end"": 148.6572116319055, ""labels"": [""Usable""]}]",1,10,2022-02-08T09:54:55.383454Z,2022-02-08T09:54:55.383685Z,19.659
http://localhost:8081/Trombone/A6CjIck0YzE.wav,9,"[{""start"": 1.0316932047544294, ""end"": 374.5046333258578, ""labels"": [""Usable""]}]",1,9,2022-02-08T09:54:34.624787Z,2022-02-08T09:54:34.624937Z,61.626
http://localhost:8081/Trombone/iJNyROC4bsU.wav,8,"[{""start"": 4.105102440506167, ""end"": 229.88573666834534, ""labels"": [""Borderline""]}]",1,8,2022-02-08T09:53:18.704854Z,2022-02-08T09:53:18.704989Z,41.393
http://localhost:8081/Trombone/1Pg4eCGPCW0.wav,7,,1,7,2022-02-08T09:50:32.060938Z,2022-02-08T09:50:32.061081Z,9.357
http://localhost:8081/Trombone/tzQZ9HAzkN0.wav,6,"[{""start"": 4.542690687996811, ""end"": 266.5045203624796, ""labels"": [""Usable""]}, {""start"": 268.775865706478, ""end"": 384.61447825039664, ""labels"": [""Usable""]}, {""start"": 386.1287084797289, ""end"": 543.608652330285, ""labels"": [""Usable""]}]",1,6,2022-02-08T09:50:21.431593Z,2022-02-08T09:50:21.431737Z,99.518
http://localhost:8081/Trombone/8P2tojMUMh0.wav,5,,1,5,2022-02-08T09:48:40.899815Z,2022-02-08T09:48:40.899955Z,17.942
http://localhost:8081/Trombone/6klGDQlv--8.wav,4,"[{""start"": 13.784424011362788, ""end"": 291.364884004884, ""labels"": [""Usable""]}]",1,4,2022-02-08T09:48:21.822928Z,2022-02-08T09:48:21.823069Z,82.212
http://localhost:8081/Trombone/2FOf7OpA16M.wav,3,,1,3,2022-02-08T09:46:58.482591Z,2022-02-08T09:46:58.482729Z,68.77
http://localhost:8081/Trombone/XXms5IK6eZE.wav,2,"[{""start"": 15.119337503010973, ""end"": 44.79103735267001, ""labels"": [""Usable""]}, {""start"": 53.106672979326035, ""end"": 105.26838736471389, ""labels"": [""Usable""]}, {""start"": 113.77301471015758, ""end"": 204.67803144701105, ""labels"": [""Usable""]}]",1,2,2022-02-08T09:45:48.625035Z,2022-02-08T09:45:48.625243Z,49.121
http://localhost:8081/Trombone/LBZ1EvU5bYY.wav,1,"[{""start"": 0.9653079497977458, ""end"": 94.16140273936192, ""labels"": [""Usable""]}]",1,1,2022-02-08T09:43:13.632263Z,2022-02-08T09:43:13.632422Z,50.393
